Fitter report for projeto
Thu Apr 30 23:26:40 2026
Quartus Prime Version 21.1.0 Build 842 10/21/2021 SJ Lite Edition


---------------------
; Table of Contents ;
---------------------
  1. Legal Notice
  2. Fitter Summary
  3. Fitter Settings
  4. Parallel Compilation
  5. Incremental Compilation Preservation Summary
  6. Incremental Compilation Partition Settings
  7. Incremental Compilation Placement Preservation
  8. Pin-Out File
  9. Fitter Resource Usage Summary
 10. Fitter Partition Statistics
 11. Input Pins
 12. Output Pins
 13. Dual Purpose and Dedicated Pins
 14. I/O Bank Usage
 15. All Package Pins
 16. I/O Assignment Warnings
 17. Fitter Resource Utilization by Entity
 18. Delay Chain Summary
 19. Pad To Core Delay Chain Fanout
 20. Routing Usage Summary
 21. LAB Logic Elements
 22. LAB Signals Sourced
 23. LAB Signals Sourced Out
 24. LAB Distinct Inputs
 25. I/O Rules Summary
 26. I/O Rules Details
 27. I/O Rules Matrix
 28. Fitter Device Options
 29. Operating Settings and Conditions
 30. Fitter Messages
 31. Fitter Suppressed Messages



----------------
; Legal Notice ;
----------------
Copyright (C) 2021  Intel Corporation. All rights reserved.
Your use of Intel Corporation's design tools, logic functions 
and other software and tools, and any partner logic 
functions, and any output files from any of the foregoing 
(including device programming or simulation files), and any 
associated documentation or information are expressly subject 
to the terms and conditions of the Intel Program License 
Subscription Agreement, the Intel Quartus Prime License Agreement,
the Intel FPGA IP License Agreement, or other applicable license
agreement, including, without limitation, that your use is for
the sole purpose of programming logic devices manufactured by
Intel and sold by Intel or its authorized distributors.  Please
refer to the applicable agreement for further details, at
https://fpgasoftware.intel.com/eula.



+----------------------------------------------------------------------------------+
; Fitter Summary                                                                   ;
+------------------------------------+---------------------------------------------+
; Fitter Status                      ; Successful - Thu Apr 30 23:26:40 2026       ;
; Quartus Prime Version              ; 21.1.0 Build 842 10/21/2021 SJ Lite Edition ;
; Revision Name                      ; projeto                                     ;
; Top-level Entity Name              ; projeto                                     ;
; Family                             ; MAX 10                                      ;
; Device                             ; 10M50DCF484C7G                              ;
; Timing Models                      ; Final                                       ;
; Total logic elements               ; 81 / 49,760 ( < 1 % )                       ;
;     Total combinational functions  ; 81 / 49,760 ( < 1 % )                       ;
;     Dedicated logic registers      ; 0 / 49,760 ( 0 % )                          ;
; Total registers                    ; 0                                           ;
; Total pins                         ; 140 / 360 ( 39 % )                          ;
; Total virtual pins                 ; 0                                           ;
; Total memory bits                  ; 0 / 1,677,312 ( 0 % )                       ;
; Embedded Multiplier 9-bit elements ; 0 / 288 ( 0 % )                             ;
; Total PLLs                         ; 0 / 4 ( 0 % )                               ;
; UFM blocks                         ; 0 / 1 ( 0 % )                               ;
; ADC blocks                         ; 0                                           ;
+------------------------------------+---------------------------------------------+


+----------------------------------------------------------------------------------------------------------------------------------------------------+
; Fitter Settings                                                                                                                                    ;
+--------------------------------------------------------------------+---------------------------------------+---------------------------------------+
; Option                                                             ; Setting                               ; Default Value                         ;
+--------------------------------------------------------------------+---------------------------------------+---------------------------------------+
; Device                                                             ; 10M50DCF484C7G                        ;                                       ;
; Minimum Core Junction Temperature                                  ; 0                                     ;                                       ;
; Maximum Core Junction Temperature                                  ; 85                                    ;                                       ;
; Fit Attempts to Skip                                               ; 0                                     ; 0.0                                   ;
; Use smart compilation                                              ; Off                                   ; Off                                   ;
; Enable parallel Assembler and Timing Analyzer during compilation   ; On                                    ; On                                    ;
; Enable compact report table                                        ; Off                                   ; Off                                   ;
; Auto Merge PLLs                                                    ; On                                    ; On                                    ;
; Router Timing Optimization Level                                   ; Normal                                ; Normal                                ;
; Perform Clocking Topology Analysis During Routing                  ; Off                                   ; Off                                   ;
; Placement Effort Multiplier                                        ; 1.0                                   ; 1.0                                   ;
; Router Effort Multiplier                                           ; 1.0                                   ; 1.0                                   ;
; Optimize Hold Timing                                               ; All Paths                             ; All Paths                             ;
; Optimize Multi-Corner Timing                                       ; On                                    ; On                                    ;
; Power Optimization During Fitting                                  ; Normal compilation                    ; Normal compilation                    ;
; SSN Optimization                                                   ; Off                                   ; Off                                   ;
; Optimize Timing                                                    ; Normal compilation                    ; Normal compilation                    ;
; Optimize Timing for ECOs                                           ; Off                                   ; Off                                   ;
; Regenerate Full Fit Report During ECO Compiles                     ; Off                                   ; Off                                   ;
; Optimize IOC Register Placement for Timing                         ; Normal                                ; Normal                                ;
; Final Placement Optimizations                                      ; Automatically                         ; Automatically                         ;
; Fitter Initial Placement Seed                                      ; 1                                     ; 1                                     ;
; Periphery to Core Placement and Routing Optimization               ; Off                                   ; Off                                   ;
; PCI I/O                                                            ; Off                                   ; Off                                   ;
; Weak Pull-Up Resistor                                              ; Off                                   ; Off                                   ;
; Enable Bus-Hold Circuitry                                          ; Off                                   ; Off                                   ;
; Auto Packed Registers                                              ; Auto                                  ; Auto                                  ;
; Auto Delay Chains                                                  ; On                                    ; On                                    ;
; Auto Delay Chains for High Fanout Input Pins                       ; Off                                   ; Off                                   ;
; Allow Single-ended Buffer for Differential-XSTL Input              ; Off                                   ; Off                                   ;
; Treat Bidirectional Pin as Output Pin                              ; Off                                   ; Off                                   ;
; Perform Physical Synthesis for Combinational Logic for Fitting     ; Off                                   ; Off                                   ;
; Perform Physical Synthesis for Combinational Logic for Performance ; Off                                   ; Off                                   ;
; Perform Register Duplication for Performance                       ; Off                                   ; Off                                   ;
; Perform Logic to Memory Mapping for Fitting                        ; Off                                   ; Off                                   ;
; Perform Register Retiming for Performance                          ; Off                                   ; Off                                   ;
; Perform Asynchronous Signal Pipelining                             ; Off                                   ; Off                                   ;
; Fitter Effort                                                      ; Auto Fit                              ; Auto Fit                              ;
; Physical Synthesis Effort Level                                    ; Normal                                ; Normal                                ;
; Logic Cell Insertion - Logic Duplication                           ; Auto                                  ; Auto                                  ;
; Auto Register Duplication                                          ; Auto                                  ; Auto                                  ;
; Auto Global Clock                                                  ; On                                    ; On                                    ;
; Auto Global Register Control Signals                               ; On                                    ; On                                    ;
; Reserve all unused pins                                            ; As input tri-stated with weak pull-up ; As input tri-stated with weak pull-up ;
; Synchronizer Identification                                        ; Auto                                  ; Auto                                  ;
; Enable Beneficial Skew Optimization                                ; On                                    ; On                                    ;
; Optimize Design for Metastability                                  ; On                                    ; On                                    ;
; Force Fitter to Avoid Periphery Placement Warnings                 ; Off                                   ; Off                                   ;
; Enable input tri-state on active configuration pins in user mode   ; Off                                   ; Off                                   ;
+--------------------------------------------------------------------+---------------------------------------+---------------------------------------+


+------------------------------------------+
; Parallel Compilation                     ;
+----------------------------+-------------+
; Processors                 ; Number      ;
+----------------------------+-------------+
; Number detected on machine ; 8           ;
; Maximum allowed            ; 4           ;
;                            ;             ;
; Average used               ; 1.03        ;
; Maximum used               ; 4           ;
;                            ;             ;
; Usage by Processor         ; % Time Used ;
;     Processor 1            ; 100.0%      ;
;     Processors 2-4         ;   1.1%      ;
+----------------------------+-------------+


+--------------------------------------------------------------------------------------------------+
; Incremental Compilation Preservation Summary                                                     ;
+---------------------+--------------------+----------------------------+--------------------------+
; Type                ; Total [A + B]      ; From Design Partitions [A] ; From Rapid Recompile [B] ;
+---------------------+--------------------+----------------------------+--------------------------+
; Placement (by node) ;                    ;                            ;                          ;
;     -- Requested    ; 0.00 % ( 0 / 380 ) ; 0.00 % ( 0 / 380 )         ; 0.00 % ( 0 / 380 )       ;
;     -- Achieved     ; 0.00 % ( 0 / 380 ) ; 0.00 % ( 0 / 380 )         ; 0.00 % ( 0 / 380 )       ;
;                     ;                    ;                            ;                          ;
; Routing (by net)    ;                    ;                            ;                          ;
;     -- Requested    ; 0.00 % ( 0 / 0 )   ; 0.00 % ( 0 / 0 )           ; 0.00 % ( 0 / 0 )         ;
;     -- Achieved     ; 0.00 % ( 0 / 0 )   ; 0.00 % ( 0 / 0 )           ; 0.00 % ( 0 / 0 )         ;
+---------------------+--------------------+----------------------------+--------------------------+


+----------------------------------------------------------------------------------------------------------------------------------------------------------------------------------------+
; Incremental Compilation Partition Settings                                                                                                                                             ;
+--------------------------------+----------------+-------------------+-------------------------+------------------------+------------------------------+--------------------------------+
; Partition Name                 ; Partition Type ; Netlist Type Used ; Preservation Level Used ; Netlist Type Requested ; Preservation Level Requested ; Contents                       ;
+--------------------------------+----------------+-------------------+-------------------------+------------------------+------------------------------+--------------------------------+
; Top                            ; User-created   ; Source File       ; N/A                     ; Source File            ; N/A                          ;                                ;
; hard_block:auto_generated_inst ; Auto-generated ; Source File       ; N/A                     ; Source File            ; N/A                          ; hard_block:auto_generated_inst ;
+--------------------------------+----------------+-------------------+-------------------------+------------------------+------------------------------+--------------------------------+


+------------------------------------------------------------------------------------------------------------------------------------+
; Incremental Compilation Placement Preservation                                                                                     ;
+--------------------------------+-----------------------+-------------------------+-------------------+---------------------+-------+
; Partition Name                 ; Preservation Achieved ; Preservation Level Used ; Netlist Type Used ; Preservation Method ; Notes ;
+--------------------------------+-----------------------+-------------------------+-------------------+---------------------+-------+
; Top                            ; 0.00 % ( 0 / 364 )    ; N/A                     ; Source File       ; N/A                 ;       ;
; hard_block:auto_generated_inst ; 0.00 % ( 0 / 16 )     ; N/A                     ; Source File       ; N/A                 ;       ;
+--------------------------------+-----------------------+-------------------------+-------------------+---------------------+-------+


+--------------+
; Pin-Out File ;
+--------------+
The pin-out file can be found in C:/Users/TiagoBettanin/Documents/Quartus/Projeto3/output_files/projeto.pin.


+---------------------------------------------------------------------+
; Fitter Resource Usage Summary                                       ;
+---------------------------------------------+-----------------------+
; Resource                                    ; Usage                 ;
+---------------------------------------------+-----------------------+
; Total logic elements                        ; 81 / 49,760 ( < 1 % ) ;
;     -- Combinational with no register       ; 81                    ;
;     -- Register only                        ; 0                     ;
;     -- Combinational with a register        ; 0                     ;
;                                             ;                       ;
; Logic element usage by number of LUT inputs ;                       ;
;     -- 4 input functions                    ; 80                    ;
;     -- 3 input functions                    ; 0                     ;
;     -- <=2 input functions                  ; 1                     ;
;     -- Register only                        ; 0                     ;
;                                             ;                       ;
; Logic elements by mode                      ;                       ;
;     -- normal mode                          ; 81                    ;
;     -- arithmetic mode                      ; 0                     ;
;                                             ;                       ;
; Total registers*                            ; 0 / 51,509 ( 0 % )    ;
;     -- Dedicated logic registers            ; 0 / 49,760 ( 0 % )    ;
;     -- I/O registers                        ; 0 / 1,749 ( 0 % )     ;
;                                             ;                       ;
; Total LABs:  partially or completely used   ; 6 / 3,110 ( < 1 % )   ;
; Virtual pins                                ; 0                     ;
; I/O pins                                    ; 140 / 360 ( 39 % )    ;
;     -- Clock pins                           ; 4 / 8 ( 50 % )        ;
;     -- Dedicated input pins                 ; 1 / 1 ( 100 % )       ;
;                                             ;                       ;
; M9Ks                                        ; 0 / 182 ( 0 % )       ;
; UFM blocks                                  ; 0 / 1 ( 0 % )         ;
; Total block memory bits                     ; 0 / 1,677,312 ( 0 % ) ;
; Total block memory implementation bits      ; 0 / 1,677,312 ( 0 % ) ;
; Embedded Multiplier 9-bit elements          ; 0 / 288 ( 0 % )       ;
; PLLs                                        ; 0 / 4 ( 0 % )         ;
; Global signals                              ; 0                     ;
;     -- Global clocks                        ; 0 / 20 ( 0 % )        ;
; JTAGs                                       ; 0 / 1 ( 0 % )         ;
; CRC blocks                                  ; 0 / 1 ( 0 % )         ;
; Remote update blocks                        ; 0 / 1 ( 0 % )         ;
; Oscillator blocks                           ; 0 / 1 ( 0 % )         ;
; Impedance control blocks                    ; 0 / 1 ( 0 % )         ;
; Average interconnect usage (total/H/V)      ; 0.2% / 0.2% / 0.3%    ;
; Peak interconnect usage (total/H/V)         ; 1.1% / 1.2% / 1.1%    ;
; Maximum fan-out                             ; 30                    ;
; Highest non-global fan-out                  ; 30                    ;
; Total fan-out                               ; 479                   ;
; Average fan-out                             ; 1.26                  ;
+---------------------------------------------+-----------------------+
*  Register count does not include registers inside RAM blocks or DSP blocks.



+-----------------------------------------------------------------------------------------------------+
; Fitter Partition Statistics                                                                         ;
+---------------------------------------------+----------------------+--------------------------------+
; Statistic                                   ; Top                  ; hard_block:auto_generated_inst ;
+---------------------------------------------+----------------------+--------------------------------+
; Difficulty Clustering Region                ; Low                  ; Low                            ;
;                                             ;                      ;                                ;
; Total logic elements                        ; 81 / 49760 ( < 1 % ) ; 0 / 49760 ( 0 % )              ;
;     -- Combinational with no register       ; 81                   ; 0                              ;
;     -- Register only                        ; 0                    ; 0                              ;
;     -- Combinational with a register        ; 0                    ; 0                              ;
;                                             ;                      ;                                ;
; Logic element usage by number of LUT inputs ;                      ;                                ;
;     -- 4 input functions                    ; 80                   ; 0                              ;
;     -- 3 input functions                    ; 0                    ; 0                              ;
;     -- <=2 input functions                  ; 1                    ; 0                              ;
;     -- Register only                        ; 0                    ; 0                              ;
;                                             ;                      ;                                ;
; Logic elements by mode                      ;                      ;                                ;
;     -- normal mode                          ; 81                   ; 0                              ;
;     -- arithmetic mode                      ; 0                    ; 0                              ;
;                                             ;                      ;                                ;
; Total registers                             ; 0                    ; 0                              ;
;     -- Dedicated logic registers            ; 0 / 49760 ( 0 % )    ; 0 / 49760 ( 0 % )              ;
;     -- I/O registers                        ; 0                    ; 0                              ;
;                                             ;                      ;                                ;
; Total LABs:  partially or completely used   ; 6 / 3110 ( < 1 % )   ; 0 / 3110 ( 0 % )               ;
;                                             ;                      ;                                ;
; Virtual pins                                ; 0                    ; 0                              ;
; I/O pins                                    ; 140                  ; 0                              ;
; Embedded Multiplier 9-bit elements          ; 0 / 288 ( 0 % )      ; 0 / 288 ( 0 % )                ;
; Total memory bits                           ; 0                    ; 0                              ;
; Total RAM block bits                        ; 0                    ; 0                              ;
; User Flash Memory                           ; 1 / 1 ( 100 % )      ; 0 / 1 ( 0 % )                  ;
; Analog-to-Digital Converter                 ; 2 / 2 ( 100 % )      ; 0 / 2 ( 0 % )                  ;
;                                             ;                      ;                                ;
; Connections                                 ;                      ;                                ;
;     -- Input Connections                    ; 0                    ; 0                              ;
;     -- Registered Input Connections         ; 0                    ; 0                              ;
;     -- Output Connections                   ; 0                    ; 0                              ;
;     -- Registered Output Connections        ; 0                    ; 0                              ;
;                                             ;                      ;                                ;
; Internal Connections                        ;                      ;                                ;
;     -- Total Connections                    ; 485                  ; 8                              ;
;     -- Registered Connections               ; 0                    ; 0                              ;
;                                             ;                      ;                                ;
; External Connections                        ;                      ;                                ;
;     -- Top                                  ; 0                    ; 0                              ;
;     -- hard_block:auto_generated_inst       ; 0                    ; 0                              ;
;                                             ;                      ;                                ;
; Partition Interface                         ;                      ;                                ;
;     -- Input Ports                          ; 132                  ; 0                              ;
;     -- Output Ports                         ; 8                    ; 0                              ;
;     -- Bidir Ports                          ; 0                    ; 0                              ;
;                                             ;                      ;                                ;
; Registered Ports                            ;                      ;                                ;
;     -- Registered Input Ports               ; 0                    ; 0                              ;
;     -- Registered Output Ports              ; 0                    ; 0                              ;
;                                             ;                      ;                                ;
; Port Connectivity                           ;                      ;                                ;
;     -- Input Ports driven by GND            ; 0                    ; 0                              ;
;     -- Output Ports driven by GND           ; 0                    ; 0                              ;
;     -- Input Ports driven by VCC            ; 0                    ; 0                              ;
;     -- Output Ports driven by VCC           ; 0                    ; 0                              ;
;     -- Input Ports with no Source           ; 0                    ; 0                              ;
;     -- Output Ports with no Source          ; 0                    ; 0                              ;
;     -- Input Ports with no Fanout           ; 0                    ; 0                              ;
;     -- Output Ports with no Fanout          ; 0                    ; 0                              ;
+---------------------------------------------+----------------------+--------------------------------+


+---------------------------------------------------------------------------------------------------------------------------------------------------------------------------------------------------------------------------------------------------------------------------------------------+
; Input Pins                                                                                                                                                                                                                                                                                  ;
+------------+-------+----------+--------------+--------------+--------------+-----------------------+--------------------+--------+----------------+---------------+-----------------+----------+--------------+--------------+---------------------------+----------------------+-----------+
; Name       ; Pin # ; I/O Bank ; X coordinate ; Y coordinate ; Z coordinate ; Combinational Fan-Out ; Registered Fan-Out ; Global ; Input Register ; Power Up High ; PCI I/O Enabled ; Bus Hold ; Weak Pull Up ; I/O Standard ; Termination Control Block ; Location assigned by ; Slew Rate ;
+------------+-------+----------+--------------+--------------+--------------+-----------------------+--------------------+--------+----------------+---------------+-----------------+----------+--------------+--------------+---------------------------+----------------------+-----------+
; N[0]       ; F15   ; 7        ; 69           ; 54           ; 0            ; 1                     ; 0                  ; no     ; no             ; no            ; yes             ; no       ; Off          ; 2.5 V        ; --                        ; User                 ; 0         ;
; N[100]     ; H11   ; 8        ; 34           ; 39           ; 14           ; 1                     ; 0                  ; no     ; no             ; no            ; yes             ; no       ; Off          ; 2.5 V        ; --                        ; Fitter               ; 0         ;
; N[101]     ; L8    ; 1B       ; 0            ; 27           ; 14           ; 1                     ; 0                  ; no     ; no             ; no            ; yes             ; no       ; Off          ; 2.5 V        ; --                        ; Fitter               ; 0         ;
; N[102]     ; P4    ; 2        ; 0            ; 23           ; 0            ; 1                     ; 0                  ; no     ; no             ; no            ; yes             ; no       ; Off          ; 2.5 V        ; --                        ; Fitter               ; 0         ;
; N[103]     ; AB4   ; 3        ; 26           ; 0            ; 21           ; 1                     ; 0                  ; no     ; no             ; no            ; yes             ; no       ; Off          ; 2.5 V        ; --                        ; Fitter               ; 0         ;
; N[104]     ; AA19  ; 4        ; 58           ; 0            ; 14           ; 1                     ; 0                  ; no     ; no             ; no            ; yes             ; no       ; Off          ; 2.5 V        ; --                        ; Fitter               ; 0         ;
; N[105]     ; AA11  ; 4        ; 40           ; 0            ; 7            ; 1                     ; 0                  ; no     ; no             ; no            ; yes             ; no       ; Off          ; 2.5 V        ; --                        ; Fitter               ; 0         ;
; N[106]     ; Y13   ; 4        ; 51           ; 0            ; 7            ; 1                     ; 0                  ; no     ; no             ; no            ; yes             ; no       ; Off          ; 2.5 V        ; --                        ; Fitter               ; 0         ;
; N[107]     ; V11   ; 4        ; 38           ; 0            ; 28           ; 1                     ; 0                  ; no     ; no             ; no            ; yes             ; no       ; Off          ; 2.5 V        ; --                        ; Fitter               ; 0         ;
; N[108]     ; B4    ; 8        ; 26           ; 39           ; 21           ; 1                     ; 0                  ; no     ; no             ; no            ; yes             ; no       ; Off          ; 2.5 V        ; --                        ; Fitter               ; 0         ;
; N[109]     ; E8    ; 8        ; 24           ; 39           ; 7            ; 1                     ; 0                  ; no     ; no             ; no            ; yes             ; no       ; Off          ; 2.5 V        ; --                        ; Fitter               ; 0         ;
; N[10]      ; AA12  ; 4        ; 40           ; 0            ; 0            ; 1                     ; 0                  ; no     ; no             ; no            ; yes             ; no       ; Off          ; 2.5 V        ; --                        ; Fitter               ; 0         ;
; N[110]     ; J1    ; 1B       ; 0            ; 26           ; 21           ; 1                     ; 0                  ; no     ; no             ; no            ; yes             ; no       ; Off          ; 2.5 V        ; --                        ; Fitter               ; 0         ;
; N[111]     ; AB3   ; 3        ; 22           ; 0            ; 7            ; 1                     ; 0                  ; no     ; no             ; no            ; yes             ; no       ; Off          ; 2.5 V        ; --                        ; Fitter               ; 0         ;
; N[112]     ; V15   ; 4        ; 58           ; 0            ; 0            ; 1                     ; 0                  ; no     ; no             ; no            ; yes             ; no       ; Off          ; 2.5 V        ; --                        ; Fitter               ; 0         ;
; N[113]     ; AA17  ; 4        ; 58           ; 0            ; 28           ; 1                     ; 0                  ; no     ; no             ; no            ; yes             ; no       ; Off          ; 2.5 V        ; --                        ; Fitter               ; 0         ;
; N[114]     ; AB14  ; 4        ; 49           ; 0            ; 7            ; 1                     ; 0                  ; no     ; no             ; no            ; yes             ; no       ; Off          ; 2.5 V        ; --                        ; Fitter               ; 0         ;
; N[115]     ; W9    ; 3        ; 22           ; 0            ; 0            ; 1                     ; 0                  ; no     ; no             ; no            ; yes             ; no       ; Off          ; 2.5 V        ; --                        ; Fitter               ; 0         ;
; N[116]     ; A5    ; 8        ; 31           ; 39           ; 14           ; 1                     ; 0                  ; no     ; no             ; no            ; yes             ; no       ; Off          ; 2.5 V        ; --                        ; Fitter               ; 0         ;
; N[117]     ; H1    ; 1B       ; 0            ; 26           ; 14           ; 1                     ; 0                  ; no     ; no             ; no            ; yes             ; no       ; Off          ; 2.5 V        ; --                        ; Fitter               ; 0         ;
; N[118]     ; F1    ; 1B       ; 0            ; 26           ; 7            ; 1                     ; 0                  ; no     ; no             ; no            ; yes             ; no       ; Off          ; 2.5 V        ; --                        ; Fitter               ; 0         ;
; N[119]     ; Y4    ; 3        ; 24           ; 0            ; 14           ; 1                     ; 0                  ; no     ; no             ; no            ; yes             ; no       ; Off          ; 2.5 V        ; --                        ; Fitter               ; 0         ;
; N[11]      ; V13   ; 4        ; 49           ; 0            ; 28           ; 1                     ; 0                  ; no     ; no             ; no            ; yes             ; no       ; Off          ; 2.5 V        ; --                        ; Fitter               ; 0         ;
; N[120]     ; AA20  ; 4        ; 62           ; 0            ; 21           ; 1                     ; 0                  ; no     ; no             ; no            ; yes             ; no       ; Off          ; 2.5 V        ; --                        ; Fitter               ; 0         ;
; N[121]     ; AB21  ; 4        ; 62           ; 0            ; 28           ; 1                     ; 0                  ; no     ; no             ; no            ; yes             ; no       ; Off          ; 2.5 V        ; --                        ; Fitter               ; 0         ;
; N[122]     ; W14   ; 4        ; 49           ; 0            ; 21           ; 1                     ; 0                  ; no     ; no             ; no            ; yes             ; no       ; Off          ; 2.5 V        ; --                        ; Fitter               ; 0         ;
; N[123]     ; M4    ; 1B       ; 0            ; 25           ; 14           ; 1                     ; 0                  ; no     ; no             ; no            ; yes             ; no       ; Off          ; 2.5 V        ; --                        ; Fitter               ; 0         ;
; N[124]     ; C5    ; 8        ; 24           ; 39           ; 21           ; 1                     ; 0                  ; no     ; no             ; no            ; yes             ; no       ; Off          ; 2.5 V        ; --                        ; Fitter               ; 0         ;
; N[125]     ; C6    ; 8        ; 29           ; 39           ; 7            ; 1                     ; 0                  ; no     ; no             ; no            ; yes             ; no       ; Off          ; 2.5 V        ; --                        ; Fitter               ; 0         ;
; N[126]     ; D1    ; 1B       ; 0            ; 29           ; 7            ; 1                     ; 0                  ; no     ; no             ; no            ; yes             ; no       ; Off          ; 2.5 V        ; --                        ; Fitter               ; 0         ;
; N[127]     ; AA5   ; 3        ; 26           ; 0            ; 0            ; 1                     ; 0                  ; no     ; no             ; no            ; yes             ; no       ; Off          ; 2.5 V        ; --                        ; Fitter               ; 0         ;
; N[12]      ; B5    ; 8        ; 26           ; 39           ; 28           ; 1                     ; 0                  ; no     ; no             ; no            ; yes             ; no       ; Off          ; 2.5 V        ; --                        ; Fitter               ; 0         ;
; N[13]      ; C2    ; 8        ; 20           ; 39           ; 14           ; 1                     ; 0                  ; no     ; no             ; no            ; yes             ; no       ; Off          ; 2.5 V        ; --                        ; Fitter               ; 0         ;
; N[14]      ; E1    ; 1B       ; 0            ; 27           ; 0            ; 1                     ; 0                  ; no     ; no             ; no            ; yes             ; no       ; Off          ; 2.5 V        ; --                        ; Fitter               ; 0         ;
; N[15]      ; AA6   ; 3        ; 29           ; 0            ; 21           ; 1                     ; 0                  ; no     ; no             ; no            ; yes             ; no       ; Off          ; 2.5 V        ; --                        ; Fitter               ; 0         ;
; N[16]      ; V16   ; 4        ; 56           ; 0            ; 14           ; 1                     ; 0                  ; no     ; no             ; no            ; yes             ; no       ; Off          ; 2.5 V        ; --                        ; Fitter               ; 0         ;
; N[17]      ; U15   ; 4        ; 56           ; 0            ; 21           ; 1                     ; 0                  ; no     ; no             ; no            ; yes             ; no       ; Off          ; 2.5 V        ; --                        ; Fitter               ; 0         ;
; N[18]      ; V14   ; 4        ; 54           ; 0            ; 14           ; 1                     ; 0                  ; no     ; no             ; no            ; yes             ; no       ; Off          ; 2.5 V        ; --                        ; Fitter               ; 0         ;
; N[19]      ; P9    ; 3        ; 22           ; 0            ; 21           ; 1                     ; 0                  ; no     ; no             ; no            ; yes             ; no       ; Off          ; 2.5 V        ; --                        ; Fitter               ; 0         ;
; N[1]       ; B14   ; 7        ; 56           ; 54           ; 0            ; 1                     ; 0                  ; no     ; no             ; no            ; yes             ; no       ; Off          ; 2.5 V        ; --                        ; User                 ; 0         ;
; N[20]      ; C3    ; 8        ; 20           ; 39           ; 7            ; 1                     ; 0                  ; no     ; no             ; no            ; yes             ; no       ; Off          ; 2.5 V        ; --                        ; Fitter               ; 0         ;
; N[21]      ; N4    ; 2        ; 0            ; 23           ; 14           ; 1                     ; 0                  ; no     ; no             ; no            ; yes             ; no       ; Off          ; 2.5 V        ; --                        ; Fitter               ; 0         ;
; N[22]      ; M9    ; 2        ; 0            ; 18           ; 21           ; 1                     ; 0                  ; no     ; no             ; no            ; yes             ; no       ; Off          ; 2.5 V        ; --                        ; Fitter               ; 0         ;
; N[23]      ; W8    ; 3        ; 24           ; 0            ; 0            ; 1                     ; 0                  ; no     ; no             ; no            ; yes             ; no       ; Off          ; 2.5 V        ; --                        ; Fitter               ; 0         ;
; N[24]      ; U17   ; 5        ; 78           ; 3            ; 14           ; 1                     ; 0                  ; no     ; no             ; no            ; yes             ; no       ; Off          ; 2.5 V        ; --                        ; Fitter               ; 0         ;
; N[25]      ; AA15  ; 4        ; 54           ; 0            ; 28           ; 1                     ; 0                  ; no     ; no             ; no            ; yes             ; no       ; Off          ; 2.5 V        ; --                        ; Fitter               ; 0         ;
; N[26]      ; R13   ; 4        ; 49           ; 0            ; 0            ; 1                     ; 0                  ; no     ; no             ; no            ; yes             ; no       ; Off          ; 2.5 V        ; --                        ; Fitter               ; 0         ;
; N[27]      ; G1    ; 1B       ; 0            ; 26           ; 0            ; 1                     ; 0                  ; no     ; no             ; no            ; yes             ; no       ; Off          ; 2.5 V        ; --                        ; Fitter               ; 0         ;
; N[28]      ; A2    ; 8        ; 26           ; 39           ; 0            ; 1                     ; 0                  ; no     ; no             ; no            ; yes             ; no       ; Off          ; 2.5 V        ; --                        ; Fitter               ; 0         ;
; N[29]      ; B3    ; 8        ; 26           ; 39           ; 14           ; 1                     ; 0                  ; no     ; no             ; no            ; yes             ; no       ; Off          ; 2.5 V        ; --                        ; Fitter               ; 0         ;
; N[2]       ; A14   ; 7        ; 58           ; 54           ; 28           ; 1                     ; 0                  ; no     ; no             ; no            ; yes             ; no       ; Off          ; 2.5 V        ; --                        ; User                 ; 0         ;
; N[30]      ; K2    ; 1B       ; 0            ; 28           ; 0            ; 1                     ; 0                  ; no     ; no             ; no            ; yes             ; no       ; Off          ; 2.5 V        ; --                        ; Fitter               ; 0         ;
; N[31]      ; R9    ; 3        ; 22           ; 0            ; 28           ; 1                     ; 0                  ; no     ; no             ; no            ; yes             ; no       ; Off          ; 2.5 V        ; --                        ; Fitter               ; 0         ;
; N[32]      ; AA21  ; 5        ; 78           ; 3            ; 7            ; 1                     ; 0                  ; no     ; no             ; no            ; yes             ; no       ; Off          ; 2.5 V        ; --                        ; Fitter               ; 0         ;
; N[33]      ; U18   ; 5        ; 78           ; 3            ; 21           ; 1                     ; 0                  ; no     ; no             ; no            ; yes             ; no       ; Off          ; 2.5 V        ; --                        ; Fitter               ; 0         ;
; N[34]      ; R12   ; 4        ; 38           ; 0            ; 0            ; 1                     ; 0                  ; no     ; no             ; no            ; yes             ; no       ; Off          ; 2.5 V        ; --                        ; Fitter               ; 0         ;
; N[35]      ; W10   ; 3        ; 24           ; 0            ; 28           ; 1                     ; 0                  ; no     ; no             ; no            ; yes             ; no       ; Off          ; 2.5 V        ; --                        ; Fitter               ; 0         ;
; N[36]      ; C4    ; 8        ; 24           ; 39           ; 0            ; 1                     ; 0                  ; no     ; no             ; no            ; yes             ; no       ; Off          ; 2.5 V        ; --                        ; Fitter               ; 0         ;
; N[37]      ; L1    ; 1B       ; 0            ; 25           ; 7            ; 1                     ; 0                  ; no     ; no             ; no            ; yes             ; no       ; Off          ; 2.5 V        ; --                        ; Fitter               ; 0         ;
; N[38]      ; M3    ; 1B       ; 0            ; 25           ; 21           ; 1                     ; 0                  ; no     ; no             ; no            ; yes             ; no       ; Off          ; 2.5 V        ; --                        ; Fitter               ; 0         ;
; N[39]      ; AB7   ; 3        ; 29           ; 0            ; 0            ; 1                     ; 0                  ; no     ; no             ; no            ; yes             ; no       ; Off          ; 2.5 V        ; --                        ; Fitter               ; 0         ;
; N[3]       ; A13   ; 7        ; 54           ; 54           ; 14           ; 1                     ; 0                  ; no     ; no             ; no            ; yes             ; no       ; Off          ; 2.5 V        ; --                        ; User                 ; 0         ;
; N[40]      ; AA16  ; 4        ; 56           ; 0            ; 28           ; 1                     ; 0                  ; no     ; no             ; no            ; yes             ; no       ; Off          ; 2.5 V        ; --                        ; Fitter               ; 0         ;
; N[41]      ; Y14   ; 4        ; 51           ; 0            ; 0            ; 1                     ; 0                  ; no     ; no             ; no            ; yes             ; no       ; Off          ; 2.5 V        ; --                        ; Fitter               ; 0         ;
; N[42]      ; AB10  ; 4        ; 38           ; 0            ; 14           ; 1                     ; 0                  ; no     ; no             ; no            ; yes             ; no       ; Off          ; 2.5 V        ; --                        ; Fitter               ; 0         ;
; N[43]      ; V12   ; 4        ; 38           ; 0            ; 21           ; 1                     ; 0                  ; no     ; no             ; no            ; yes             ; no       ; Off          ; 2.5 V        ; --                        ; Fitter               ; 0         ;
; N[44]      ; B1    ; 8        ; 22           ; 39           ; 21           ; 1                     ; 0                  ; no     ; no             ; no            ; yes             ; no       ; Off          ; 2.5 V        ; --                        ; Fitter               ; 0         ;
; N[45]      ; D9    ; 8        ; 31           ; 39           ; 7            ; 1                     ; 0                  ; no     ; no             ; no            ; yes             ; no       ; Off          ; 2.5 V        ; --                        ; Fitter               ; 0         ;
; N[46]      ; L9    ; 1B       ; 0            ; 27           ; 21           ; 1                     ; 0                  ; no     ; no             ; no            ; yes             ; no       ; Off          ; 2.5 V        ; --                        ; Fitter               ; 0         ;
; N[47]      ; R10   ; 3        ; 26           ; 0            ; 14           ; 1                     ; 0                  ; no     ; no             ; no            ; yes             ; no       ; Off          ; 2.5 V        ; --                        ; Fitter               ; 0         ;
; N[48]      ; W16   ; 4        ; 60           ; 0            ; 28           ; 1                     ; 0                  ; no     ; no             ; no            ; yes             ; no       ; Off          ; 2.5 V        ; --                        ; Fitter               ; 0         ;
; N[49]      ; W18   ; 4        ; 62           ; 0            ; 7            ; 1                     ; 0                  ; no     ; no             ; no            ; yes             ; no       ; Off          ; 2.5 V        ; --                        ; Fitter               ; 0         ;
; N[4]       ; B12   ; 7        ; 49           ; 54           ; 0            ; 1                     ; 0                  ; no     ; no             ; no            ; yes             ; no       ; Off          ; 2.5 V        ; --                        ; User                 ; 0         ;
; N[50]      ; W12   ; 4        ; 46           ; 0            ; 7            ; 1                     ; 0                  ; no     ; no             ; no            ; yes             ; no       ; Off          ; 2.5 V        ; --                        ; Fitter               ; 0         ;
; N[51]      ; AA3   ; 3        ; 26           ; 0            ; 28           ; 1                     ; 0                  ; no     ; no             ; no            ; yes             ; no       ; Off          ; 2.5 V        ; --                        ; Fitter               ; 0         ;
; N[52]      ; A3    ; 8        ; 26           ; 39           ; 7            ; 1                     ; 0                  ; no     ; no             ; no            ; yes             ; no       ; Off          ; 2.5 V        ; --                        ; Fitter               ; 0         ;
; N[53]      ; D3    ; 1B       ; 0            ; 30           ; 0            ; 1                     ; 0                  ; no     ; no             ; no            ; yes             ; no       ; Off          ; 2.5 V        ; --                        ; Fitter               ; 0         ;
; N[54]      ; N5    ; 2        ; 0            ; 23           ; 21           ; 1                     ; 0                  ; no     ; no             ; no            ; yes             ; no       ; Off          ; 2.5 V        ; --                        ; Fitter               ; 0         ;
; N[55]      ; AB5   ; 3        ; 29           ; 0            ; 28           ; 1                     ; 0                  ; no     ; no             ; no            ; yes             ; no       ; Off          ; 2.5 V        ; --                        ; Fitter               ; 0         ;
; N[56]      ; Y19   ; 4        ; 62           ; 0            ; 14           ; 1                     ; 0                  ; no     ; no             ; no            ; yes             ; no       ; Off          ; 2.5 V        ; --                        ; Fitter               ; 0         ;
; N[57]      ; AB17  ; 4        ; 69           ; 0            ; 21           ; 1                     ; 0                  ; no     ; no             ; no            ; yes             ; no       ; Off          ; 2.5 V        ; --                        ; Fitter               ; 0         ;
; N[58]      ; AB18  ; 4        ; 69           ; 0            ; 14           ; 1                     ; 0                  ; no     ; no             ; no            ; yes             ; no       ; Off          ; 2.5 V        ; --                        ; Fitter               ; 0         ;
; N[59]      ; K8    ; 1B       ; 0            ; 30           ; 14           ; 1                     ; 0                  ; no     ; no             ; no            ; yes             ; no       ; Off          ; 2.5 V        ; --                        ; Fitter               ; 0         ;
; N[5]       ; A12   ; 7        ; 54           ; 54           ; 21           ; 1                     ; 0                  ; no     ; no             ; no            ; yes             ; no       ; Off          ; 2.5 V        ; --                        ; User                 ; 0         ;
; N[60]      ; E9    ; 8        ; 29           ; 39           ; 0            ; 1                     ; 0                  ; no     ; no             ; no            ; yes             ; no       ; Off          ; 2.5 V        ; --                        ; Fitter               ; 0         ;
; N[61]      ; D8    ; 8        ; 31           ; 39           ; 0            ; 1                     ; 0                  ; no     ; no             ; no            ; yes             ; no       ; Off          ; 2.5 V        ; --                        ; Fitter               ; 0         ;
; N[62]      ; K1    ; 1B       ; 0            ; 25           ; 0            ; 1                     ; 0                  ; no     ; no             ; no            ; yes             ; no       ; Off          ; 2.5 V        ; --                        ; Fitter               ; 0         ;
; N[63]      ; Y10   ; 3        ; 34           ; 0            ; 7            ; 1                     ; 0                  ; no     ; no             ; no            ; yes             ; no       ; Off          ; 2.5 V        ; --                        ; Fitter               ; 0         ;
; N[64]      ; AB19  ; 4        ; 56           ; 0            ; 7            ; 1                     ; 0                  ; no     ; no             ; no            ; yes             ; no       ; Off          ; 2.5 V        ; --                        ; Fitter               ; 0         ;
; N[65]      ; W11   ; 4        ; 36           ; 0            ; 7            ; 1                     ; 0                  ; no     ; no             ; no            ; yes             ; no       ; Off          ; 2.5 V        ; --                        ; Fitter               ; 0         ;
; N[66]      ; AB15  ; 4        ; 51           ; 0            ; 14           ; 1                     ; 0                  ; no     ; no             ; no            ; yes             ; no       ; Off          ; 2.5 V        ; --                        ; Fitter               ; 0         ;
; N[67]      ; Y3    ; 3        ; 24           ; 0            ; 21           ; 1                     ; 0                  ; no     ; no             ; no            ; yes             ; no       ; Off          ; 2.5 V        ; --                        ; Fitter               ; 0         ;
; N[68]      ; D6    ; 8        ; 22           ; 39           ; 28           ; 1                     ; 0                  ; no     ; no             ; no            ; yes             ; no       ; Off          ; 2.5 V        ; --                        ; Fitter               ; 0         ;
; N[69]      ; L2    ; 1B       ; 0            ; 28           ; 7            ; 1                     ; 0                  ; no     ; no             ; no            ; yes             ; no       ; Off          ; 2.5 V        ; --                        ; Fitter               ; 0         ;
; N[6]       ; C12   ; 7        ; 54           ; 54           ; 28           ; 1                     ; 0                  ; no     ; no             ; no            ; yes             ; no       ; Off          ; 2.5 V        ; --                        ; User                 ; 0         ;
; N[70]      ; K9    ; 1B       ; 0            ; 30           ; 21           ; 1                     ; 0                  ; no     ; no             ; no            ; yes             ; no       ; Off          ; 2.5 V        ; --                        ; Fitter               ; 0         ;
; N[71]      ; V8    ; 3        ; 20           ; 0            ; 14           ; 1                     ; 0                  ; no     ; no             ; no            ; yes             ; no       ; Off          ; 2.5 V        ; --                        ; Fitter               ; 0         ;
; N[72]      ; Y18   ; 4        ; 58           ; 0            ; 7            ; 1                     ; 0                  ; no     ; no             ; no            ; yes             ; no       ; Off          ; 2.5 V        ; --                        ; Fitter               ; 0         ;
; N[73]      ; AA14  ; 4        ; 51           ; 0            ; 21           ; 1                     ; 0                  ; no     ; no             ; no            ; yes             ; no       ; Off          ; 2.5 V        ; --                        ; Fitter               ; 0         ;
; N[74]      ; AA13  ; 4        ; 49           ; 0            ; 14           ; 1                     ; 0                  ; no     ; no             ; no            ; yes             ; no       ; Off          ; 2.5 V        ; --                        ; Fitter               ; 0         ;
; N[75]      ; P13   ; 4        ; 51           ; 0            ; 28           ; 1                     ; 0                  ; no     ; no             ; no            ; yes             ; no       ; Off          ; 2.5 V        ; --                        ; Fitter               ; 0         ;
; N[76]      ; D5    ; 8        ; 24           ; 39           ; 28           ; 1                     ; 0                  ; no     ; no             ; no            ; yes             ; no       ; Off          ; 2.5 V        ; --                        ; Fitter               ; 0         ;
; N[77]      ; B7    ; 8        ; 34           ; 39           ; 21           ; 1                     ; 0                  ; no     ; no             ; no            ; yes             ; no       ; Off          ; 2.5 V        ; --                        ; Fitter               ; 0         ;
; N[78]      ; P5    ; 2        ; 0            ; 23           ; 7            ; 1                     ; 0                  ; no     ; no             ; no            ; yes             ; no       ; Off          ; 2.5 V        ; --                        ; Fitter               ; 0         ;
; N[79]      ; Y7    ; 3        ; 20           ; 0            ; 7            ; 1                     ; 0                  ; no     ; no             ; no            ; yes             ; no       ; Off          ; 2.5 V        ; --                        ; Fitter               ; 0         ;
; N[7]       ; D12   ; 7        ; 51           ; 54           ; 0            ; 1                     ; 0                  ; no     ; no             ; no            ; yes             ; no       ; Off          ; 2.5 V        ; --                        ; User                 ; 0         ;
; N[80]      ; U19   ; 5        ; 78           ; 15           ; 14           ; 1                     ; 0                  ; no     ; no             ; no            ; yes             ; no       ; Off          ; 2.5 V        ; --                        ; Fitter               ; 0         ;
; N[81]      ; W15   ; 4        ; 54           ; 0            ; 7            ; 1                     ; 0                  ; no     ; no             ; no            ; yes             ; no       ; Off          ; 2.5 V        ; --                        ; Fitter               ; 0         ;
; N[82]      ; AB13  ; 4        ; 40           ; 0            ; 14           ; 1                     ; 0                  ; no     ; no             ; no            ; yes             ; no       ; Off          ; 2.5 V        ; --                        ; Fitter               ; 0         ;
; N[83]      ; AB2   ; 3        ; 22           ; 0            ; 14           ; 1                     ; 0                  ; no     ; no             ; no            ; yes             ; no       ; Off          ; 2.5 V        ; --                        ; Fitter               ; 0         ;
; N[84]      ; B2    ; 8        ; 22           ; 39           ; 14           ; 1                     ; 0                  ; no     ; no             ; no            ; yes             ; no       ; Off          ; 2.5 V        ; --                        ; Fitter               ; 0         ;
; N[85]      ; C1    ; 1B       ; 0            ; 29           ; 0            ; 1                     ; 0                  ; no     ; no             ; no            ; yes             ; no       ; Off          ; 2.5 V        ; --                        ; Fitter               ; 0         ;
; N[86]      ; K4    ; 1A       ; 0            ; 34           ; 0            ; 1                     ; 0                  ; no     ; no             ; no            ; yes             ; no       ; Off          ; 2.5 V        ; --                        ; Fitter               ; 0         ;
; N[87]      ; P10   ; 3        ; 26           ; 0            ; 7            ; 1                     ; 0                  ; no     ; no             ; no            ; yes             ; no       ; Off          ; 2.5 V        ; --                        ; Fitter               ; 0         ;
; N[88]      ; Y17   ; 4        ; 58           ; 0            ; 21           ; 1                     ; 0                  ; no     ; no             ; no            ; yes             ; no       ; Off          ; 2.5 V        ; --                        ; Fitter               ; 0         ;
; N[89]      ; AB16  ; 4        ; 54           ; 0            ; 0            ; 1                     ; 0                  ; no     ; no             ; no            ; yes             ; no       ; Off          ; 2.5 V        ; --                        ; Fitter               ; 0         ;
; N[8]       ; Y16   ; 4        ; 54           ; 0            ; 21           ; 1                     ; 0                  ; no     ; no             ; no            ; yes             ; no       ; Off          ; 2.5 V        ; --                        ; Fitter               ; 0         ;
; N[90]      ; P12   ; 4        ; 40           ; 0            ; 28           ; 1                     ; 0                  ; no     ; no             ; no            ; yes             ; no       ; Off          ; 2.5 V        ; --                        ; Fitter               ; 0         ;
; N[91]      ; M8    ; 2        ; 0            ; 18           ; 14           ; 1                     ; 0                  ; no     ; no             ; no            ; yes             ; no       ; Off          ; 2.5 V        ; --                        ; Fitter               ; 0         ;
; N[92]      ; A6    ; 8        ; 34           ; 39           ; 28           ; 1                     ; 0                  ; no     ; no             ; no            ; yes             ; no       ; Off          ; 2.5 V        ; --                        ; Fitter               ; 0         ;
; N[93]      ; D7    ; 8        ; 29           ; 39           ; 14           ; 1                     ; 0                  ; no     ; no             ; no            ; yes             ; no       ; Off          ; 2.5 V        ; --                        ; Fitter               ; 0         ;
; N[94]      ; F2    ; 1B       ; 0            ; 27           ; 7            ; 1                     ; 0                  ; no     ; no             ; no            ; yes             ; no       ; Off          ; 2.5 V        ; --                        ; Fitter               ; 0         ;
; N[95]      ; AA7   ; 3        ; 29           ; 0            ; 14           ; 1                     ; 0                  ; no     ; no             ; no            ; yes             ; no       ; Off          ; 2.5 V        ; --                        ; Fitter               ; 0         ;
; N[96]      ; AB20  ; 4        ; 56           ; 0            ; 0            ; 1                     ; 0                  ; no     ; no             ; no            ; yes             ; no       ; Off          ; 2.5 V        ; --                        ; Fitter               ; 0         ;
; N[97]      ; Y11   ; 4        ; 36           ; 0            ; 0            ; 1                     ; 0                  ; no     ; no             ; no            ; yes             ; no       ; Off          ; 2.5 V        ; --                        ; Fitter               ; 0         ;
; N[98]      ; AB12  ; 4        ; 40           ; 0            ; 21           ; 1                     ; 0                  ; no     ; no             ; no            ; yes             ; no       ; Off          ; 2.5 V        ; --                        ; Fitter               ; 0         ;
; N[99]      ; AB6   ; 3        ; 29           ; 0            ; 7            ; 1                     ; 0                  ; no     ; no             ; no            ; yes             ; no       ; Off          ; 2.5 V        ; --                        ; Fitter               ; 0         ;
; N[9]       ; W13   ; 4        ; 46           ; 0            ; 0            ; 1                     ; 0                  ; no     ; no             ; no            ; yes             ; no       ; Off          ; 2.5 V        ; --                        ; Fitter               ; 0         ;
; selecao[0] ; C10   ; 7        ; 51           ; 54           ; 28           ; 30                    ; 0                  ; no     ; no             ; no            ; yes             ; no       ; Off          ; 2.5 V        ; --                        ; User                 ; 0         ;
; selecao[1] ; C11   ; 7        ; 51           ; 54           ; 21           ; 30                    ; 0                  ; no     ; no             ; no            ; yes             ; no       ; Off          ; 2.5 V        ; --                        ; User                 ; 0         ;
; selecao[2] ; C7    ; 8        ; 34           ; 39           ; 0            ; 30                    ; 0                  ; no     ; no             ; no            ; yes             ; no       ; Off          ; 2.5 V        ; --                        ; Fitter               ; 0         ;
; selecao[3] ; AA8   ; 3        ; 31           ; 0            ; 14           ; 30                    ; 0                  ; no     ; no             ; no            ; yes             ; no       ; Off          ; 2.5 V        ; --                        ; Fitter               ; 0         ;
+------------+-------+----------+--------------+--------------+--------------+-----------------------+--------------------+--------+----------------+---------------+-----------------+----------+--------------+--------------+---------------------------+----------------------+-----------+


+-------------------------------------------------------------------------------------------------------------------------------------------------------------------------------------------------------------------------------------------------------------------------------------------------------------------------------------------------------------------------------------------------------------------------------------------------------+
; Output Pins                                                                                                                                                                                                                                                                                                                                                                                                                                           ;
+------+-------+----------+--------------+--------------+--------------+-----------------+------------------------+---------------+-----------+-----------------+------------+---------------+----------+--------------+--------------+------------------+-----------------------------------+---------------------------+----------------------------+-----------------------------+----------------------+----------------------+---------------------+
; Name ; Pin # ; I/O Bank ; X coordinate ; Y coordinate ; Z coordinate ; Output Register ; Output Enable Register ; Power Up High ; Slew Rate ; PCI I/O Enabled ; Open Drain ; TRI Primitive ; Bus Hold ; Weak Pull Up ; I/O Standard ; Current Strength ; Termination                       ; Termination Control Block ; Output Buffer Pre-emphasis ; Voltage Output Differential ; Location assigned by ; Output Enable Source ; Output Enable Group ;
+------+-------+----------+--------------+--------------+--------------+-----------------+------------------------+---------------+-----------+-----------------+------------+---------------+----------+--------------+--------------+------------------+-----------------------------------+---------------------------+----------------------------+-----------------------------+----------------------+----------------------+---------------------+
; z[0] ; B11   ; 7        ; 49           ; 54           ; 7            ; no              ; no                     ; no            ; 2         ; no              ; no         ; no            ; no       ; Off          ; 2.5 V        ; Default          ; Series 50 Ohm without Calibration ; --                        ; no                         ; no                          ; User                 ; -                    ; -                   ;
; z[1] ; A11   ; 7        ; 51           ; 54           ; 7            ; no              ; no                     ; no            ; 2         ; no              ; no         ; no            ; no       ; Off          ; 2.5 V        ; Default          ; Series 50 Ohm without Calibration ; --                        ; no                         ; no                          ; User                 ; -                    ; -                   ;
; z[2] ; AB11  ; 4        ; 38           ; 0            ; 7            ; no              ; no                     ; no            ; 2         ; no              ; no         ; no            ; no       ; Off          ; 2.5 V        ; Default          ; Series 50 Ohm without Calibration ; --                        ; no                         ; no                          ; Fitter               ; -                    ; -                   ;
; z[3] ; W7    ; 3        ; 24           ; 0            ; 7            ; no              ; no                     ; no            ; 2         ; no              ; no         ; no            ; no       ; Off          ; 2.5 V        ; Default          ; Series 50 Ohm without Calibration ; --                        ; no                         ; no                          ; Fitter               ; -                    ; -                   ;
; z[4] ; F7    ; 8        ; 24           ; 39           ; 14           ; no              ; no                     ; no            ; 2         ; no              ; no         ; no            ; no       ; Off          ; 2.5 V        ; Default          ; Series 50 Ohm without Calibration ; --                        ; no                         ; no                          ; Fitter               ; -                    ; -                   ;
; z[5] ; A4    ; 8        ; 31           ; 39           ; 21           ; no              ; no                     ; no            ; 2         ; no              ; no         ; no            ; no       ; Off          ; 2.5 V        ; Default          ; Series 50 Ohm without Calibration ; --                        ; no                         ; no                          ; Fitter               ; -                    ; -                   ;
; z[6] ; D2    ; 1B       ; 0            ; 30           ; 7            ; no              ; no                     ; no            ; 2         ; no              ; no         ; no            ; no       ; Off          ; 2.5 V        ; Default          ; Series 50 Ohm without Calibration ; --                        ; no                         ; no                          ; Fitter               ; -                    ; -                   ;
; z[7] ; V10   ; 3        ; 31           ; 0            ; 21           ; no              ; no                     ; no            ; 2         ; no              ; no         ; no            ; no       ; Off          ; 2.5 V        ; Default          ; Series 50 Ohm without Calibration ; --                        ; no                         ; no                          ; Fitter               ; -                    ; -                   ;
+------+-------+----------+--------------+--------------+--------------+-----------------+------------------------+---------------+-----------+-----------------+------------+---------------+----------+--------------+--------------+------------------+-----------------------------------+---------------------------+----------------------------+-----------------------------+----------------------+----------------------+---------------------+


+-----------------------------------------------------------------------------------------------------------------------------------------+
; Dual Purpose and Dedicated Pins                                                                                                         ;
+----------+----------------------------------------------------+--------------------------------+---------------------+------------------+
; Location ; Pin Name                                           ; Reserved As                    ; User Signal Name    ; Pin Type         ;
+----------+----------------------------------------------------+--------------------------------+---------------------+------------------+
; K9       ; DIFFIO_RX_L15p, DIFFOUT_L15p, JTAGEN, Low_Speed    ; Use as regular IO              ; N[70]               ; Dual Purpose Pin ;
; H2       ; DIFFIO_RX_L17n, DIFFOUT_L17n, TMS, Low_Speed       ; Reserved as secondary function ; ~ALTERA_TMS~        ; Dual Purpose Pin ;
; G2       ; DIFFIO_RX_L17p, DIFFOUT_L17p, TCK, Low_Speed       ; Reserved as secondary function ; ~ALTERA_TCK~        ; Dual Purpose Pin ;
; L4       ; DIFFIO_RX_L18n, DIFFOUT_L18n, TDI, Low_Speed       ; Reserved as secondary function ; ~ALTERA_TDI~        ; Dual Purpose Pin ;
; M5       ; DIFFIO_RX_L18p, DIFFOUT_L18p, TDO, Low_Speed       ; Reserved as secondary function ; ~ALTERA_TDO~        ; Dual Purpose Pin ;
; D9       ; DIFFIO_RX_T42n, DIFFOUT_T42n, DEV_CLRn, Low_Speed  ; Use as regular IO              ; N[45]               ; Dual Purpose Pin ;
; H10      ; CONFIG_SEL, Low_Speed                              ; Reserved as secondary function ; ~ALTERA_CONFIG_SEL~ ; Dual Purpose Pin ;
; H9       ; nCONFIG, Low_Speed                                 ; Reserved as secondary function ; ~ALTERA_nCONFIG~    ; Dual Purpose Pin ;
; F7       ; DIFFIO_RX_T48n, DIFFOUT_T48n, CRC_ERROR, Low_Speed ; Use as regular IO              ; z[4]                ; Dual Purpose Pin ;
; G9       ; DIFFIO_RX_T50p, DIFFOUT_T50p, nSTATUS, Low_Speed   ; Reserved as secondary function ; ~ALTERA_nSTATUS~    ; Dual Purpose Pin ;
; F8       ; DIFFIO_RX_T50n, DIFFOUT_T50n, CONF_DONE, Low_Speed ; Reserved as secondary function ; ~ALTERA_CONF_DONE~  ; Dual Purpose Pin ;
+----------+----------------------------------------------------+--------------------------------+---------------------+------------------+


+-------------------------------------------------------------+
; I/O Bank Usage                                              ;
+----------+-------------------+---------------+--------------+
; I/O Bank ; Usage             ; VCCIO Voltage ; VREF Voltage ;
+----------+-------------------+---------------+--------------+
; 1A       ; 1 / 16 ( 6 % )    ; 2.5V          ; --           ;
; 1B       ; 24 / 24 ( 100 % ) ; 2.5V          ; --           ;
; 2        ; 6 / 36 ( 17 % )   ; 2.5V          ; --           ;
; 3        ; 25 / 48 ( 52 % )  ; 2.5V          ; --           ;
; 4        ; 46 / 48 ( 96 % )  ; 2.5V          ; --           ;
; 5        ; 4 / 40 ( 10 % )   ; 2.5V          ; --           ;
; 6        ; 0 / 60 ( 0 % )    ; 2.5V          ; --           ;
; 7        ; 12 / 52 ( 23 % )  ; 2.5V          ; --           ;
; 8        ; 30 / 36 ( 83 % )  ; 2.5V          ; --           ;
+----------+-------------------+---------------+--------------+


+---------------------------------------------------------------------------------------------------------------------------------------------------------------------------------------+
; All Package Pins                                                                                                                                                                      ;
+----------+------------+----------+------------------------------------------------+--------+-----------------------+---------+------------+-----------------+----------+--------------+
; Location ; Pad Number ; I/O Bank ; Pin Name/Usage                                 ; Dir.   ; I/O Standard          ; Voltage ; I/O Type   ; User Assignment ; Bus Hold ; Weak Pull Up ;
+----------+------------+----------+------------------------------------------------+--------+-----------------------+---------+------------+-----------------+----------+--------------+
; A1       ;            ;          ; GND                                            ; gnd    ;                       ;         ; --         ;                 ; --       ; --           ;
; A2       ; 481        ; 8        ; N[28]                                          ; input  ; 2.5 V                 ;         ; Column I/O ; N               ; no       ; Off          ;
; A3       ; 483        ; 8        ; N[52]                                          ; input  ; 2.5 V                 ;         ; Column I/O ; N               ; no       ; Off          ;
; A4       ; 475        ; 8        ; z[5]                                           ; output ; 2.5 V                 ;         ; Column I/O ; N               ; no       ; Off          ;
; A5       ; 473        ; 8        ; N[116]                                         ; input  ; 2.5 V                 ;         ; Column I/O ; N               ; no       ; Off          ;
; A6       ; 471        ; 8        ; N[92]                                          ; input  ; 2.5 V                 ;         ; Column I/O ; N               ; no       ; Off          ;
; A7       ; 445        ; 7        ; RESERVED_INPUT_WITH_WEAK_PULLUP                ;        ;                       ;         ; Column I/O ;                 ; no       ; On           ;
; A8       ; 447        ; 7        ; RESERVED_INPUT_WITH_WEAK_PULLUP                ;        ;                       ;         ; Column I/O ;                 ; no       ; On           ;
; A9       ; 449        ; 7        ; RESERVED_INPUT_WITH_WEAK_PULLUP                ;        ;                       ;         ; Column I/O ;                 ; no       ; On           ;
; A10      ; 439        ; 7        ; RESERVED_INPUT_WITH_WEAK_PULLUP                ;        ;                       ;         ; Column I/O ;                 ; no       ; On           ;
; A11      ; 437        ; 7        ; z[1]                                           ; output ; 2.5 V                 ;         ; Column I/O ; Y               ; no       ; Off          ;
; A12      ; 435        ; 7        ; N[5]                                           ; input  ; 2.5 V                 ;         ; Column I/O ; Y               ; no       ; Off          ;
; A13      ; 433        ; 7        ; N[3]                                           ; input  ; 2.5 V                 ;         ; Column I/O ; Y               ; no       ; Off          ;
; A14      ; 425        ; 7        ; N[2]                                           ; input  ; 2.5 V                 ;         ; Column I/O ; Y               ; no       ; Off          ;
; A15      ; 421        ; 7        ; RESERVED_INPUT_WITH_WEAK_PULLUP                ;        ;                       ;         ; Column I/O ;                 ; no       ; On           ;
; A16      ; 419        ; 7        ; RESERVED_INPUT_WITH_WEAK_PULLUP                ;        ;                       ;         ; Column I/O ;                 ; no       ; On           ;
; A17      ; 407        ; 7        ; RESERVED_INPUT_WITH_WEAK_PULLUP                ;        ;                       ;         ; Column I/O ;                 ; no       ; On           ;
; A18      ; 405        ; 7        ; RESERVED_INPUT_WITH_WEAK_PULLUP                ;        ;                       ;         ; Column I/O ;                 ; no       ; On           ;
; A19      ; 403        ; 7        ; RESERVED_INPUT_WITH_WEAK_PULLUP                ;        ;                       ;         ; Column I/O ;                 ; no       ; On           ;
; A20      ; 401        ; 7        ; RESERVED_INPUT_WITH_WEAK_PULLUP                ;        ;                       ;         ; Column I/O ;                 ; no       ; On           ;
; A21      ; 371        ; 6        ; RESERVED_INPUT_WITH_WEAK_PULLUP                ;        ;                       ;         ; Row I/O    ;                 ; no       ; On           ;
; A22      ;            ;          ; GND                                            ; gnd    ;                       ;         ; --         ;                 ; --       ; --           ;
; AA1      ; 133        ; 3        ; RESERVED_INPUT_WITH_WEAK_PULLUP                ;        ;                       ;         ; Column I/O ;                 ; no       ; On           ;
; AA2      ; 135        ; 3        ; RESERVED_INPUT_WITH_WEAK_PULLUP                ;        ;                       ;         ; Column I/O ;                 ; no       ; On           ;
; AA3      ; 153        ; 3        ; N[51]                                          ; input  ; 2.5 V                 ;         ; Column I/O ; N               ; no       ; Off          ;
; AA4      ;            ;          ; GND                                            ; gnd    ;                       ;         ; --         ;                 ; --       ; --           ;
; AA5      ; 157        ; 3        ; N[127]                                         ; input  ; 2.5 V                 ;         ; Column I/O ; N               ; no       ; Off          ;
; AA6      ; 156        ; 3        ; N[15]                                          ; input  ; 2.5 V                 ;         ; Column I/O ; N               ; no       ; Off          ;
; AA7      ; 158        ; 3        ; N[95]                                          ; input  ; 2.5 V                 ;         ; Column I/O ; N               ; no       ; Off          ;
; AA8      ; 165        ; 3        ; selecao[3]                                     ; input  ; 2.5 V                 ;         ; Column I/O ; N               ; no       ; Off          ;
; AA9      ; 169        ; 3        ; RESERVED_INPUT_WITH_WEAK_PULLUP                ;        ;                       ;         ; Column I/O ;                 ; no       ; On           ;
; AA10     ; 170        ; 3        ; RESERVED_INPUT_WITH_WEAK_PULLUP                ;        ;                       ;         ; Column I/O ;                 ; no       ; On           ;
; AA11     ; 180        ; 4        ; N[105]                                         ; input  ; 2.5 V                 ;         ; Column I/O ; N               ; no       ; Off          ;
; AA12     ; 182        ; 4        ; N[10]                                          ; input  ; 2.5 V                 ;         ; Column I/O ; N               ; no       ; Off          ;
; AA13     ; 197        ; 4        ; N[74]                                          ; input  ; 2.5 V                 ;         ; Column I/O ; N               ; no       ; Off          ;
; AA14     ; 201        ; 4        ; N[73]                                          ; input  ; 2.5 V                 ;         ; Column I/O ; N               ; no       ; Off          ;
; AA15     ; 205        ; 4        ; N[25]                                          ; input  ; 2.5 V                 ;         ; Column I/O ; N               ; no       ; Off          ;
; AA16     ; 211        ; 4        ; N[40]                                          ; input  ; 2.5 V                 ;         ; Column I/O ; N               ; no       ; Off          ;
; AA17     ; 212        ; 4        ; N[113]                                         ; input  ; 2.5 V                 ;         ; Column I/O ; N               ; no       ; Off          ;
; AA18     ;            ;          ; GND                                            ; gnd    ;                       ;         ; --         ;                 ; --       ; --           ;
; AA19     ; 217        ; 4        ; N[104]                                         ; input  ; 2.5 V                 ;         ; Column I/O ; N               ; no       ; Off          ;
; AA20     ; 227        ; 4        ; N[120]                                         ; input  ; 2.5 V                 ;         ; Column I/O ; N               ; no       ; Off          ;
; AA21     ; 245        ; 5        ; N[32]                                          ; input  ; 2.5 V                 ;         ; Row I/O    ; N               ; no       ; Off          ;
; AA22     ; 247        ; 5        ; RESERVED_INPUT_WITH_WEAK_PULLUP                ;        ;                       ;         ; Row I/O    ;                 ; no       ; On           ;
; AB1      ;            ;          ; GND                                            ; gnd    ;                       ;         ; --         ;                 ; --       ; --           ;
; AB2      ; 145        ; 3        ; N[83]                                          ; input  ; 2.5 V                 ;         ; Column I/O ; N               ; no       ; Off          ;
; AB3      ; 147        ; 3        ; N[111]                                         ; input  ; 2.5 V                 ;         ; Column I/O ; N               ; no       ; Off          ;
; AB4      ; 155        ; 3        ; N[103]                                         ; input  ; 2.5 V                 ;         ; Column I/O ; N               ; no       ; Off          ;
; AB5      ; 159        ; 3        ; N[55]                                          ; input  ; 2.5 V                 ;         ; Column I/O ; N               ; no       ; Off          ;
; AB6      ; 161        ; 3        ; N[99]                                          ; input  ; 2.5 V                 ;         ; Column I/O ; N               ; no       ; Off          ;
; AB7      ; 163        ; 3        ; N[39]                                          ; input  ; 2.5 V                 ;         ; Column I/O ; N               ; no       ; Off          ;
; AB8      ; 167        ; 3        ; RESERVED_INPUT_WITH_WEAK_PULLUP                ;        ;                       ;         ; Column I/O ;                 ; no       ; On           ;
; AB9      ; 171        ; 3        ; RESERVED_INPUT_WITH_WEAK_PULLUP                ;        ;                       ;         ; Column I/O ;                 ; no       ; On           ;
; AB10     ; 177        ; 4        ; N[42]                                          ; input  ; 2.5 V                 ;         ; Column I/O ; N               ; no       ; Off          ;
; AB11     ; 179        ; 4        ; z[2]                                           ; output ; 2.5 V                 ;         ; Column I/O ; N               ; no       ; Off          ;
; AB12     ; 181        ; 4        ; N[98]                                          ; input  ; 2.5 V                 ;         ; Column I/O ; N               ; no       ; Off          ;
; AB13     ; 183        ; 4        ; N[82]                                          ; input  ; 2.5 V                 ;         ; Column I/O ; N               ; no       ; Off          ;
; AB14     ; 199        ; 4        ; N[114]                                         ; input  ; 2.5 V                 ;         ; Column I/O ; N               ; no       ; Off          ;
; AB15     ; 203        ; 4        ; N[66]                                          ; input  ; 2.5 V                 ;         ; Column I/O ; N               ; no       ; Off          ;
; AB16     ; 209        ; 4        ; N[89]                                          ; input  ; 2.5 V                 ;         ; Column I/O ; N               ; no       ; Off          ;
; AB17     ; 241        ; 4        ; N[57]                                          ; input  ; 2.5 V                 ;         ; Column I/O ; N               ; no       ; Off          ;
; AB18     ; 243        ; 4        ; N[58]                                          ; input  ; 2.5 V                 ;         ; Column I/O ; N               ; no       ; Off          ;
; AB19     ; 213        ; 4        ; N[64]                                          ; input  ; 2.5 V                 ;         ; Column I/O ; N               ; no       ; Off          ;
; AB20     ; 215        ; 4        ; N[96]                                          ; input  ; 2.5 V                 ;         ; Column I/O ; N               ; no       ; Off          ;
; AB21     ; 225        ; 4        ; N[121]                                         ; input  ; 2.5 V                 ;         ; Column I/O ; N               ; no       ; Off          ;
; AB22     ;            ;          ; GND                                            ; gnd    ;                       ;         ; --         ;                 ; --       ; --           ;
; B1       ; 495        ; 8        ; N[44]                                          ; input  ; 2.5 V                 ;         ; Column I/O ; N               ; no       ; Off          ;
; B2       ; 493        ; 8        ; N[84]                                          ; input  ; 2.5 V                 ;         ; Column I/O ; N               ; no       ; Off          ;
; B3       ; 484        ; 8        ; N[29]                                          ; input  ; 2.5 V                 ;         ; Column I/O ; N               ; no       ; Off          ;
; B4       ; 486        ; 8        ; N[108]                                         ; input  ; 2.5 V                 ;         ; Column I/O ; N               ; no       ; Off          ;
; B5       ; 485        ; 8        ; N[12]                                          ; input  ; 2.5 V                 ;         ; Column I/O ; N               ; no       ; Off          ;
; B6       ;            ;          ; GND                                            ; gnd    ;                       ;         ; --         ;                 ; --       ; --           ;
; B7       ; 469        ; 8        ; N[77]                                          ; input  ; 2.5 V                 ;         ; Column I/O ; N               ; no       ; Off          ;
; B8       ; 451        ; 7        ; RESERVED_INPUT_WITH_WEAK_PULLUP                ;        ;                       ;         ; Column I/O ;                 ; no       ; On           ;
; B9       ;            ;          ; GND                                            ; gnd    ;                       ;         ; --         ;                 ; --       ; --           ;
; B10      ; 448        ; 7        ; RESERVED_INPUT_WITH_WEAK_PULLUP                ;        ;                       ;         ; Column I/O ;                 ; no       ; On           ;
; B11      ; 443        ; 7        ; z[0]                                           ; output ; 2.5 V                 ;         ; Column I/O ; Y               ; no       ; Off          ;
; B12      ; 441        ; 7        ; N[4]                                           ; input  ; 2.5 V                 ;         ; Column I/O ; Y               ; no       ; Off          ;
; B13      ;            ;          ; GND                                            ; gnd    ;                       ;         ; --         ;                 ; --       ; --           ;
; B14      ; 427        ; 7        ; N[1]                                           ; input  ; 2.5 V                 ;         ; Column I/O ; Y               ; no       ; Off          ;
; B15      ; 423        ; 7        ; RESERVED_INPUT_WITH_WEAK_PULLUP                ;        ;                       ;         ; Column I/O ;                 ; --       ; --           ;
; B16      ; 417        ; 7        ; RESERVED_INPUT_WITH_WEAK_PULLUP                ;        ;                       ;         ; Column I/O ;                 ; no       ; On           ;
; B17      ; 402        ; 7        ; RESERVED_INPUT_WITH_WEAK_PULLUP                ;        ;                       ;         ; Column I/O ;                 ; no       ; On           ;
; B18      ;            ;          ; GND                                            ; gnd    ;                       ;         ; --         ;                 ; --       ; --           ;
; B19      ; 399        ; 7        ; RESERVED_INPUT_WITH_WEAK_PULLUP                ;        ;                       ;         ; Column I/O ;                 ; no       ; On           ;
; B20      ; 369        ; 6        ; RESERVED_INPUT_WITH_WEAK_PULLUP                ;        ;                       ;         ; Row I/O    ;                 ; no       ; On           ;
; B21      ; 367        ; 6        ; RESERVED_INPUT_WITH_WEAK_PULLUP                ;        ;                       ;         ; Row I/O    ;                 ; no       ; On           ;
; B22      ; 365        ; 6        ; RESERVED_INPUT_WITH_WEAK_PULLUP                ;        ;                       ;         ; Row I/O    ;                 ; no       ; On           ;
; C1       ; 33         ; 1B       ; N[85]                                          ; input  ; 2.5 V                 ;         ; Row I/O    ; N               ; no       ; Off          ;
; C2       ; 499        ; 8        ; N[13]                                          ; input  ; 2.5 V                 ;         ; Column I/O ; N               ; no       ; Off          ;
; C3       ; 497        ; 8        ; N[20]                                          ; input  ; 2.5 V                 ;         ; Column I/O ; N               ; no       ; Off          ;
; C4       ; 487        ; 8        ; N[36]                                          ; input  ; 2.5 V                 ;         ; Column I/O ; N               ; no       ; Off          ;
; C5       ; 489        ; 8        ; N[124]                                         ; input  ; 2.5 V                 ;         ; Column I/O ; N               ; no       ; Off          ;
; C6       ; 477        ; 8        ; N[125]                                         ; input  ; 2.5 V                 ;         ; Column I/O ; N               ; no       ; Off          ;
; C7       ; 467        ; 8        ; selecao[2]                                     ; input  ; 2.5 V                 ;         ; Column I/O ; N               ; no       ; Off          ;
; C8       ; 465        ; 8        ; RESERVED_INPUT_WITH_WEAK_PULLUP                ;        ;                       ;         ; Column I/O ;                 ; no       ; On           ;
; C9       ; 450        ; 7        ; RESERVED_INPUT_WITH_WEAK_PULLUP                ;        ;                       ;         ; Column I/O ;                 ; no       ; On           ;
; C10      ; 442        ; 7        ; selecao[0]                                     ; input  ; 2.5 V                 ;         ; Column I/O ; Y               ; no       ; Off          ;
; C11      ; 440        ; 7        ; selecao[1]                                     ; input  ; 2.5 V                 ;         ; Column I/O ; Y               ; no       ; Off          ;
; C12      ; 436        ; 7        ; N[6]                                           ; input  ; 2.5 V                 ;         ; Column I/O ; Y               ; no       ; Off          ;
; C13      ; 426        ; 7        ; RESERVED_INPUT_WITH_WEAK_PULLUP                ;        ;                       ;         ; Column I/O ;                 ; no       ; On           ;
; C14      ; 424        ; 7        ; RESERVED_INPUT_WITH_WEAK_PULLUP                ;        ;                       ;         ; Column I/O ;                 ; no       ; On           ;
; C15      ; 418        ; 7        ; RESERVED_INPUT_WITH_WEAK_PULLUP                ;        ;                       ;         ; Column I/O ;                 ; no       ; On           ;
; C16      ; 416        ; 7        ; RESERVED_INPUT_WITH_WEAK_PULLUP                ;        ;                       ;         ; Column I/O ;                 ; no       ; On           ;
; C17      ; 391        ; 7        ; RESERVED_INPUT_WITH_WEAK_PULLUP                ;        ;                       ;         ; Column I/O ;                 ; no       ; On           ;
; C18      ; 400        ; 7        ; RESERVED_INPUT_WITH_WEAK_PULLUP                ;        ;                       ;         ; Column I/O ;                 ; no       ; On           ;
; C19      ; 397        ; 7        ; RESERVED_INPUT_WITH_WEAK_PULLUP                ;        ;                       ;         ; Column I/O ;                 ; no       ; On           ;
; C20      ; 357        ; 6        ; RESERVED_INPUT_WITH_WEAK_PULLUP                ;        ;                       ;         ; Row I/O    ;                 ; no       ; On           ;
; C21      ; 347        ; 6        ; RESERVED_INPUT_WITH_WEAK_PULLUP                ;        ;                       ;         ; Row I/O    ;                 ; no       ; On           ;
; C22      ; 343        ; 6        ; RESERVED_INPUT_WITH_WEAK_PULLUP                ;        ;                       ;         ; Row I/O    ;                 ; no       ; On           ;
; D1       ; 35         ; 1B       ; N[126]                                         ; input  ; 2.5 V                 ;         ; Row I/O    ; N               ; no       ; Off          ;
; D2       ; 31         ; 1B       ; z[6]                                           ; output ; 2.5 V                 ;         ; Row I/O    ; N               ; no       ; Off          ;
; D3       ; 29         ; 1B       ; N[53]                                          ; input  ; 2.5 V                 ;         ; Row I/O    ; N               ; no       ; Off          ;
; D4       ;            ;          ; GND                                            ; gnd    ;                       ;         ; --         ;                 ; --       ; --           ;
; D5       ; 491        ; 8        ; N[76]                                          ; input  ; 2.5 V                 ;         ; Column I/O ; N               ; no       ; Off          ;
; D6       ; 496        ; 8        ; N[68]                                          ; input  ; 2.5 V                 ;         ; Column I/O ; N               ; no       ; Off          ;
; D7       ; 479        ; 8        ; N[93]                                          ; input  ; 2.5 V                 ;         ; Column I/O ; N               ; no       ; Off          ;
; D8       ; 472        ; 8        ; N[61]                                          ; input  ; 2.5 V                 ;         ; Column I/O ; N               ; no       ; Off          ;
; D9       ; 474        ; 8        ; N[45]                                          ; input  ; 2.5 V                 ;         ; Column I/O ; N               ; no       ; Off          ;
; D10      ; 476        ; 8        ; RESERVED_INPUT_WITH_WEAK_PULLUP                ;        ;                       ;         ; Column I/O ;                 ; no       ; On           ;
; D11      ;            ;          ; GND                                            ; gnd    ;                       ;         ; --         ;                 ; --       ; --           ;
; D12      ; 438        ; 7        ; N[7]                                           ; input  ; 2.5 V                 ;         ; Column I/O ; Y               ; no       ; Off          ;
; D13      ; 431        ; 7        ; RESERVED_INPUT_WITH_WEAK_PULLUP                ;        ;                       ;         ; Column I/O ;                 ; no       ; On           ;
; D14      ; 428        ; 7        ; RESERVED_INPUT_WITH_WEAK_PULLUP                ;        ;                       ;         ; Column I/O ;                 ; no       ; On           ;
; D15      ; 404        ; 7        ; RESERVED_INPUT_WITH_WEAK_PULLUP                ;        ;                       ;         ; Column I/O ;                 ; no       ; On           ;
; D16      ;            ;          ; GND                                            ; gnd    ;                       ;         ; --         ;                 ; --       ; --           ;
; D17      ; 389        ; 7        ; RESERVED_INPUT_WITH_WEAK_PULLUP                ;        ;                       ;         ; Column I/O ;                 ; no       ; On           ;
; D18      ; 385        ; 6        ; RESERVED_INPUT_WITH_WEAK_PULLUP                ;        ;                       ;         ; Row I/O    ;                 ; no       ; On           ;
; D19      ; 359        ; 6        ; RESERVED_INPUT_WITH_WEAK_PULLUP                ;        ;                       ;         ; Row I/O    ;                 ; no       ; On           ;
; D20      ;            ;          ; GND                                            ; gnd    ;                       ;         ; --         ;                 ; --       ; --           ;
; D21      ; 345        ; 6        ; RESERVED_INPUT_WITH_WEAK_PULLUP                ;        ;                       ;         ; Row I/O    ;                 ; --       ; --           ;
; D22      ; 341        ; 6        ; RESERVED_INPUT_WITH_WEAK_PULLUP                ;        ;                       ;         ; Row I/O    ;                 ; no       ; On           ;
; E1       ; 41         ; 1B       ; N[14]                                          ; input  ; 2.5 V                 ;         ; Row I/O    ; N               ; no       ; Off          ;
; E2       ;            ;          ; GND                                            ; gnd    ;                       ;         ; --         ;                 ; --       ; --           ;
; E3       ; 3          ; 1A       ; RESERVED_INPUT_WITH_WEAK_PULLUP                ;        ;                       ;         ; Row I/O    ;                 ; no       ; On           ;
; E4       ; 1          ; 1A       ; RESERVED_INPUT_WITH_WEAK_PULLUP                ;        ;                       ;         ; Row I/O    ;                 ; no       ; On           ;
; E5       ;            ;          ; NC                                             ;        ;                       ;         ; --         ;                 ; --       ; --           ;
; E6       ; 498        ; 8        ; RESERVED_INPUT_WITH_WEAK_PULLUP                ;        ;                       ;         ; Column I/O ;                 ; no       ; On           ;
; E7       ;            ;          ; GND                                            ; gnd    ;                       ;         ; --         ;                 ; --       ; --           ;
; E8       ; 488        ; 8        ; N[109]                                         ; input  ; 2.5 V                 ;         ; Column I/O ; N               ; no       ; Off          ;
; E9       ; 478        ; 8        ; N[60]                                          ; input  ; 2.5 V                 ;         ; Column I/O ; N               ; no       ; Off          ;
; E10      ; 466        ; 8        ; RESERVED_INPUT_WITH_WEAK_PULLUP                ;        ;                       ;         ; Column I/O ;                 ; no       ; On           ;
; E11      ; 464        ; 8        ; RESERVED_INPUT_WITH_WEAK_PULLUP                ;        ;                       ;         ; Column I/O ;                 ; no       ; On           ;
; E12      ; 429        ; 7        ; RESERVED_INPUT_WITH_WEAK_PULLUP                ;        ;                       ;         ; Column I/O ;                 ; no       ; On           ;
; E13      ; 430        ; 7        ; RESERVED_INPUT_WITH_WEAK_PULLUP                ;        ;                       ;         ; Column I/O ;                 ; no       ; On           ;
; E14      ; 406        ; 7        ; RESERVED_INPUT_WITH_WEAK_PULLUP                ;        ;                       ;         ; Column I/O ;                 ; no       ; On           ;
; E15      ; 390        ; 7        ; RESERVED_INPUT_WITH_WEAK_PULLUP                ;        ;                       ;         ; Column I/O ;                 ; no       ; On           ;
; E16      ; 388        ; 7        ; RESERVED_INPUT_WITH_WEAK_PULLUP                ;        ;                       ;         ; Column I/O ;                 ; no       ; On           ;
; E17      ; 366        ; 6        ; RESERVED_INPUT_WITH_WEAK_PULLUP                ;        ;                       ;         ; Row I/O    ;                 ; no       ; On           ;
; E18      ; 387        ; 6        ; RESERVED_INPUT_WITH_WEAK_PULLUP                ;        ;                       ;         ; Row I/O    ;                 ; no       ; On           ;
; E19      ; 352        ; 6        ; RESERVED_INPUT_WITH_WEAK_PULLUP                ;        ;                       ;         ; Row I/O    ;                 ; no       ; On           ;
; E20      ; 355        ; 6        ; RESERVED_INPUT_WITH_WEAK_PULLUP                ;        ;                       ;         ; Row I/O    ;                 ; no       ; On           ;
; E21      ; 335        ; 6        ; RESERVED_INPUT_WITH_WEAK_PULLUP                ;        ;                       ;         ; Row I/O    ;                 ; no       ; On           ;
; E22      ; 333        ; 6        ; RESERVED_INPUT_WITH_WEAK_PULLUP                ;        ;                       ;         ; Row I/O    ;                 ; no       ; On           ;
; F1       ; 47         ; 1B       ; N[118]                                         ; input  ; 2.5 V                 ;         ; Row I/O    ; N               ; no       ; Off          ;
; F2       ; 43         ; 1B       ; N[94]                                          ; input  ; 2.5 V                 ;         ; Row I/O    ; N               ; no       ; Off          ;
; F3       ; 7          ; 1A       ; RESERVED_INPUT_WITH_WEAK_PULLUP                ;        ;                       ;         ; Row I/O    ;                 ; no       ; On           ;
; F4       ; 2          ; 1A       ; RESERVED_INPUT_WITH_WEAK_PULLUP                ;        ;                       ;         ; Row I/O    ;                 ; no       ; On           ;
; F5       ; 0          ; 1A       ; RESERVED_INPUT_WITH_WEAK_PULLUP                ;        ;                       ;         ; Row I/O    ;                 ; no       ; On           ;
; F6       ;            ;          ; NC                                             ;        ;                       ;         ; --         ;                 ; --       ; --           ;
; F7       ; 490        ; 8        ; z[4]                                           ; output ; 2.5 V                 ;         ; Column I/O ; N               ; no       ; Off          ;
; F8       ; 494        ; 8        ; ~ALTERA_CONF_DONE~ / RESERVED_INPUT            ; input  ; 2.5 V Schmitt Trigger ;         ; Column I/O ; N               ; no       ; Off          ;
; F9       ;            ; 8        ; VCCIO8                                         ; power  ;                       ; 2.5V    ; --         ;                 ; --       ; --           ;
; F10      ;            ;          ; GND                                            ; gnd    ;                       ;         ; --         ;                 ; --       ; --           ;
; F11      ;            ; 8        ; VCCIO8                                         ; power  ;                       ; 2.5V    ; --         ;                 ; --       ; --           ;
; F12      ;            ; 7        ; VCCIO7                                         ; power  ;                       ; 2.5V    ; --         ;                 ; --       ; --           ;
; F13      ;            ;          ; GND                                            ; gnd    ;                       ;         ; --         ;                 ; --       ; --           ;
; F14      ;            ; 7        ; VCCIO7                                         ; power  ;                       ; 2.5V    ; --         ;                 ; --       ; --           ;
; F15      ; 398        ; 7        ; N[0]                                           ; input  ; 2.5 V                 ;         ; Column I/O ; Y               ; no       ; Off          ;
; F16      ; 396        ; 7        ; RESERVED_INPUT_WITH_WEAK_PULLUP                ;        ;                       ;         ; Column I/O ;                 ; no       ; On           ;
; F17      ; 364        ; 6        ; RESERVED_INPUT_WITH_WEAK_PULLUP                ;        ;                       ;         ; Row I/O    ;                 ; no       ; On           ;
; F18      ; 354        ; 6        ; RESERVED_INPUT_WITH_WEAK_PULLUP                ;        ;                       ;         ; Row I/O    ;                 ; no       ; On           ;
; F19      ; 353        ; 6        ; RESERVED_INPUT_WITH_WEAK_PULLUP                ;        ;                       ;         ; Row I/O    ;                 ; no       ; On           ;
; F20      ; 342        ; 6        ; RESERVED_INPUT_WITH_WEAK_PULLUP                ;        ;                       ;         ; Row I/O    ;                 ; no       ; On           ;
; F21      ; 340        ; 6        ; RESERVED_INPUT_WITH_WEAK_PULLUP                ;        ;                       ;         ; Row I/O    ;                 ; no       ; On           ;
; F22      ; 331        ; 6        ; RESERVED_INPUT_WITH_WEAK_PULLUP                ;        ;                       ;         ; Row I/O    ;                 ; no       ; On           ;
; G1       ; 45         ; 1B       ; N[27]                                          ; input  ; 2.5 V                 ;         ; Row I/O    ; N               ; no       ; Off          ;
; G2       ; 34         ; 1B       ; ~ALTERA_TCK~ / RESERVED_INPUT                  ; input  ; 2.5 V Schmitt Trigger ;         ; Row I/O    ; N               ; no       ; Off          ;
; G3       ; 11         ; 1A       ; RESERVED_INPUT_WITH_WEAK_PULLUP                ;        ;                       ;         ; Row I/O    ;                 ; no       ; On           ;
; G4       ; 5          ; 1A       ; RESERVED_INPUT_WITH_WEAK_PULLUP                ;        ;                       ;         ; Row I/O    ;                 ; no       ; On           ;
; G5       ;            ;          ; GND                                            ; gnd    ;                       ;         ; --         ;                 ; --       ; --           ;
; G6       ;            ;          ; GND                                            ; gnd    ;                       ;         ; --         ;                 ; --       ; --           ;
; G7       ;            ;          ; VCCD_PLL3                                      ; power  ;                       ; 1.2V    ; --         ;                 ; --       ; --           ;
; G8       ;            ;          ; GND                                            ; gnd    ;                       ;         ; --         ;                 ; --       ; --           ;
; G9       ; 492        ; 8        ; ~ALTERA_nSTATUS~ / RESERVED_INPUT              ; input  ; 2.5 V Schmitt Trigger ;         ; Column I/O ; N               ; no       ; Off          ;
; G10      ;            ; 8        ; VCCIO8                                         ; power  ;                       ; 2.5V    ; --         ;                 ; --       ; --           ;
; G11      ;            ; 8        ; VCCIO8                                         ; power  ;                       ; 2.5V    ; --         ;                 ; --       ; --           ;
; G12      ;            ; 7        ; VCCIO7                                         ; power  ;                       ; 2.5V    ; --         ;                 ; --       ; --           ;
; G13      ;            ; 7        ; VCCIO7                                         ; power  ;                       ; 2.5V    ; --         ;                 ; --       ; --           ;
; G14      ;            ; 7        ; VCCIO7                                         ; power  ;                       ; 2.5V    ; --         ;                 ; --       ; --           ;
; G15      ;            ;          ; GND                                            ; gnd    ;                       ;         ; --         ;                 ; --       ; --           ;
; G16      ;            ;          ; VCCD_PLL2                                      ; power  ;                       ; 1.2V    ; --         ;                 ; --       ; --           ;
; G17      ; 386        ; 6        ; RESERVED_INPUT_WITH_WEAK_PULLUP                ;        ;                       ;         ; Row I/O    ;                 ; no       ; On           ;
; G18      ;            ;          ; GND                                            ; gnd    ;                       ;         ; --         ;                 ; --       ; --           ;
; G19      ; 330        ; 6        ; RESERVED_INPUT_WITH_WEAK_PULLUP                ;        ;                       ;         ; Row I/O    ;                 ; no       ; On           ;
; G20      ; 328        ; 6        ; RESERVED_INPUT_WITH_WEAK_PULLUP                ;        ;                       ;         ; Row I/O    ;                 ; no       ; On           ;
; G21      ;            ;          ; GND                                            ; gnd    ;                       ;         ; --         ;                 ; --       ; --           ;
; G22      ; 329        ; 6        ; RESERVED_INPUT_WITH_WEAK_PULLUP                ;        ;                       ;         ; Row I/O    ;                 ; no       ; On           ;
; H1       ; 44         ; 1B       ; N[117]                                         ; input  ; 2.5 V                 ;         ; Row I/O    ; N               ; no       ; Off          ;
; H2       ; 32         ; 1B       ; ~ALTERA_TMS~ / RESERVED_INPUT_WITH_WEAK_PULLUP ; input  ; 2.5 V Schmitt Trigger ;         ; Row I/O    ; N               ; no       ; On           ;
; H3       ; 10         ; 1A       ; RESERVED_INPUT_WITH_WEAK_PULLUP                ;        ;                       ;         ; Row I/O    ;                 ; no       ; On           ;
; H4       ; 9          ; 1A       ; RESERVED_INPUT_WITH_WEAK_PULLUP                ;        ;                       ;         ; Row I/O    ;                 ; no       ; On           ;
; H5       ;            ;          ; GND                                            ; gnd    ;                       ;         ; --         ;                 ; --       ; --           ;
; H6       ;            ; --       ; VCCA3                                          ; power  ;                       ; 2.5V    ; --         ;                 ; --       ; --           ;
; H7       ;            ; --       ; VCCA3                                          ; power  ;                       ; 2.5V    ; --         ;                 ; --       ; --           ;
; H8       ;            ; --       ; VCCA3                                          ; power  ;                       ; 2.5V    ; --         ;                 ; --       ; --           ;
; H9       ; 482        ; 8        ; ~ALTERA_nCONFIG~ / RESERVED_INPUT              ; input  ; 2.5 V Schmitt Trigger ;         ; Column I/O ; N               ; no       ; Off          ;
; H10      ; 480        ; 8        ; ~ALTERA_CONFIG_SEL~ / RESERVED_INPUT           ; input  ; 2.5 V                 ;         ; Column I/O ; N               ; no       ; Off          ;
; H11      ; 470        ; 8        ; N[100]                                         ; input  ; 2.5 V                 ;         ; Column I/O ; N               ; no       ; Off          ;
; H12      ; 444        ; 7        ; RESERVED_INPUT_WITH_WEAK_PULLUP                ;        ;                       ;         ; Column I/O ;                 ; no       ; On           ;
; H13      ; 432        ; 7        ; RESERVED_INPUT_WITH_WEAK_PULLUP                ;        ;                       ;         ; Column I/O ;                 ; no       ; On           ;
; H14      ; 420        ; 7        ; RESERVED_INPUT_WITH_WEAK_PULLUP                ;        ;                       ;         ; Column I/O ;                 ; no       ; On           ;
; H15      ;            ; --       ; VCCA2                                          ; power  ;                       ; 2.5V    ; --         ;                 ; --       ; --           ;
; H16      ;            ; 6        ; VCCIO6                                         ; power  ;                       ; 2.5V    ; --         ;                 ; --       ; --           ;
; H17      ; 384        ; 6        ; RESERVED_INPUT_WITH_WEAK_PULLUP                ;        ;                       ;         ; Row I/O    ;                 ; no       ; On           ;
; H18      ; 374        ; 6        ; RESERVED_INPUT_WITH_WEAK_PULLUP                ;        ;                       ;         ; Row I/O    ;                 ; no       ; On           ;
; H19      ; 372        ; 6        ; RESERVED_INPUT_WITH_WEAK_PULLUP                ;        ;                       ;         ; Row I/O    ;                 ; no       ; On           ;
; H20      ; 375        ; 6        ; RESERVED_INPUT_WITH_WEAK_PULLUP                ;        ;                       ;         ; Row I/O    ;                 ; no       ; On           ;
; H21      ; 323        ; 6        ; RESERVED_INPUT_WITH_WEAK_PULLUP                ;        ;                       ;         ; Row I/O    ;                 ; no       ; On           ;
; H22      ; 321        ; 6        ; RESERVED_INPUT_WITH_WEAK_PULLUP                ;        ;                       ;         ; Row I/O    ;                 ; no       ; On           ;
; J1       ; 46         ; 1B       ; N[110]                                         ; input  ; 2.5 V                 ;         ; Row I/O    ; N               ; no       ; Off          ;
; J2       ;            ;          ; GND                                            ; gnd    ;                       ;         ; --         ;                 ; --       ; --           ;
; J3       ; 15         ; 1A       ; RESERVED_INPUT_WITH_WEAK_PULLUP                ;        ;                       ;         ; Row I/O    ;                 ; no       ; On           ;
; J4       ; 8          ; 1A       ; RESERVED_INPUT_WITH_WEAK_PULLUP                ;        ;                       ;         ; Row I/O    ;                 ; no       ; On           ;
; J5       ;            ;          ; GND                                            ; gnd    ;                       ;         ; --         ;                 ; --       ; --           ;
; J6       ;            ;          ; GND                                            ; gnd    ;                       ;         ; --         ;                 ; --       ; --           ;
; J7       ;            ; --       ; VCC                                            ; power  ;                       ; 1.2V    ; --         ;                 ; --       ; --           ;
; J8       ; 4          ; 1A       ; RESERVED_INPUT_WITH_WEAK_PULLUP                ;        ;                       ;         ; Row I/O    ;                 ; no       ; On           ;
; J9       ; 6          ; 1A       ; RESERVED_INPUT_WITH_WEAK_PULLUP                ;        ;                       ;         ; Row I/O    ;                 ; no       ; On           ;
; J10      ; 468        ; 8        ; RESERVED_INPUT_WITH_WEAK_PULLUP                ;        ;                       ;         ; Column I/O ;                 ; no       ; On           ;
; J11      ; 446        ; 7        ; RESERVED_INPUT_WITH_WEAK_PULLUP                ;        ;                       ;         ; Column I/O ;                 ; no       ; On           ;
; J12      ; 434        ; 7        ; RESERVED_INPUT_WITH_WEAK_PULLUP                ;        ;                       ;         ; Column I/O ;                 ; no       ; On           ;
; J13      ; 422        ; 7        ; RESERVED_INPUT_WITH_WEAK_PULLUP                ;        ;                       ;         ; Column I/O ;                 ; no       ; On           ;
; J14      ; 368        ; 6        ; RESERVED_INPUT_WITH_WEAK_PULLUP                ;        ;                       ;         ; Row I/O    ;                 ; no       ; On           ;
; J15      ; 370        ; 6        ; RESERVED_INPUT_WITH_WEAK_PULLUP                ;        ;                       ;         ; Row I/O    ;                 ; no       ; On           ;
; J16      ;            ;          ; GND                                            ; gnd    ;                       ;         ; --         ;                 ; --       ; --           ;
; J17      ;            ; 6        ; VCCIO6                                         ; power  ;                       ; 2.5V    ; --         ;                 ; --       ; --           ;
; J18      ; 362        ; 6        ; RESERVED_INPUT_WITH_WEAK_PULLUP                ;        ;                       ;         ; Row I/O    ;                 ; no       ; On           ;
; J19      ;            ;          ; GND                                            ; gnd    ;                       ;         ; --         ;                 ; --       ; --           ;
; J20      ; 373        ; 6        ; RESERVED_INPUT_WITH_WEAK_PULLUP                ;        ;                       ;         ; Row I/O    ;                 ; no       ; On           ;
; J21      ; 327        ; 6        ; RESERVED_INPUT_WITH_WEAK_PULLUP                ;        ;                       ;         ; Row I/O    ;                 ; no       ; On           ;
; J22      ; 325        ; 6        ; RESERVED_INPUT_WITH_WEAK_PULLUP                ;        ;                       ;         ; Row I/O    ;                 ; no       ; On           ;
; K1       ; 49         ; 1B       ; N[62]                                          ; input  ; 2.5 V                 ;         ; Row I/O    ; N               ; no       ; Off          ;
; K2       ; 37         ; 1B       ; N[30]                                          ; input  ; 2.5 V                 ;         ; Row I/O    ; N               ; no       ; Off          ;
; K3       ;            ;          ; GND                                            ; gnd    ;                       ;         ; --         ;                 ; --       ; --           ;
; K4       ; 13         ; 1A       ; N[86]                                          ; input  ; 2.5 V                 ;         ; Row I/O    ; N               ; no       ; Off          ;
; K5       ; 12         ; 1A       ; RESERVED_INPUT_WITH_WEAK_PULLUP                ;        ;                       ;         ; Row I/O    ;                 ; no       ; On           ;
; K6       ; 14         ; 1A       ; RESERVED_INPUT_WITH_WEAK_PULLUP                ;        ;                       ;         ; Row I/O    ;                 ; no       ; On           ;
; K7       ;            ; 1A       ; VCCIO1A                                        ; power  ;                       ; 2.5V    ; --         ;                 ; --       ; --           ;
; K8       ; 28         ; 1B       ; N[59]                                          ; input  ; 2.5 V                 ;         ; Row I/O    ; N               ; no       ; Off          ;
; K9       ; 30         ; 1B       ; N[70]                                          ; input  ; 2.5 V                 ;         ; Row I/O    ; N               ; no       ; Off          ;
; K10      ;            ;          ; GND                                            ; gnd    ;                       ;         ; --         ;                 ; --       ; --           ;
; K11      ;            ; --       ; VCC                                            ; power  ;                       ; 1.2V    ; --         ;                 ; --       ; --           ;
; K12      ;            ;          ; GND                                            ; gnd    ;                       ;         ; --         ;                 ; --       ; --           ;
; K13      ;            ; --       ; VCC                                            ; power  ;                       ; 1.2V    ; --         ;                 ; --       ; --           ;
; K14      ; 356        ; 6        ; RESERVED_INPUT_WITH_WEAK_PULLUP                ;        ;                       ;         ; Row I/O    ;                 ; no       ; On           ;
; K15      ; 358        ; 6        ; RESERVED_INPUT_WITH_WEAK_PULLUP                ;        ;                       ;         ; Row I/O    ;                 ; no       ; On           ;
; K16      ;            ; 6        ; VCCIO6                                         ; power  ;                       ; 2.5V    ; --         ;                 ; --       ; --           ;
; K17      ;            ; 6        ; VCCIO6                                         ; power  ;                       ; 2.5V    ; --         ;                 ; --       ; --           ;
; K18      ; 360        ; 6        ; RESERVED_INPUT_WITH_WEAK_PULLUP                ;        ;                       ;         ; Row I/O    ;                 ; no       ; On           ;
; K19      ; 361        ; 6        ; RESERVED_INPUT_WITH_WEAK_PULLUP                ;        ;                       ;         ; Row I/O    ;                 ; no       ; On           ;
; K20      ; 363        ; 6        ; RESERVED_INPUT_WITH_WEAK_PULLUP                ;        ;                       ;         ; Row I/O    ;                 ; no       ; On           ;
; K21      ; 326        ; 6        ; RESERVED_INPUT_WITH_WEAK_PULLUP                ;        ;                       ;         ; Row I/O    ;                 ; no       ; On           ;
; K22      ; 324        ; 6        ; RESERVED_INPUT_WITH_WEAK_PULLUP                ;        ;                       ;         ; Row I/O    ;                 ; no       ; On           ;
; L1       ; 51         ; 1B       ; N[37]                                          ; input  ; 2.5 V                 ;         ; Row I/O    ; N               ; no       ; Off          ;
; L2       ; 39         ; 1B       ; N[69]                                          ; input  ; 2.5 V                 ;         ; Row I/O    ; N               ; no       ; Off          ;
; L3       ;            ;          ; DNU                                            ;        ;                       ;         ; --         ;                 ; --       ; --           ;
; L4       ; 36         ; 1B       ; ~ALTERA_TDI~ / RESERVED_INPUT_WITH_WEAK_PULLUP ; input  ; 2.5 V Schmitt Trigger ;         ; Row I/O    ; N               ; no       ; On           ;
; L5       ;            ;          ; GND                                            ; gnd    ;                       ;         ; --         ;                 ; --       ; --           ;
; L6       ;            ; 1A       ; VCCIO1A                                        ; power  ;                       ; 2.5V    ; --         ;                 ; --       ; --           ;
; L7       ;            ; 1B       ; VCCIO1B                                        ; power  ;                       ; 2.5V    ; --         ;                 ; --       ; --           ;
; L8       ; 40         ; 1B       ; N[101]                                         ; input  ; 2.5 V                 ;         ; Row I/O    ; N               ; no       ; Off          ;
; L9       ; 42         ; 1B       ; N[46]                                          ; input  ; 2.5 V                 ;         ; Row I/O    ; N               ; no       ; Off          ;
; L10      ;            ; --       ; VCC                                            ; power  ;                       ; 1.2V    ; --         ;                 ; --       ; --           ;
; L11      ;            ; --       ; VCC                                            ; power  ;                       ; 1.2V    ; --         ;                 ; --       ; --           ;
; L12      ;            ; --       ; VCC                                            ; power  ;                       ; 1.2V    ; --         ;                 ; --       ; --           ;
; L13      ;            ;          ; GND                                            ; gnd    ;                       ;         ; --         ;                 ; --       ; --           ;
; L14      ; 344        ; 6        ; RESERVED_INPUT_WITH_WEAK_PULLUP                ;        ;                       ;         ; Row I/O    ;                 ; no       ; On           ;
; L15      ; 346        ; 6        ; RESERVED_INPUT_WITH_WEAK_PULLUP                ;        ;                       ;         ; Row I/O    ;                 ; no       ; On           ;
; L16      ;            ; 6        ; VCCIO6                                         ; power  ;                       ; 2.5V    ; --         ;                 ; --       ; --           ;
; L17      ;            ;          ; GND                                            ; gnd    ;                       ;         ; --         ;                 ; --       ; --           ;
; L18      ; 350        ; 6        ; RESERVED_INPUT_WITH_WEAK_PULLUP                ;        ;                       ;         ; Row I/O    ;                 ; no       ; On           ;
; L19      ; 349        ; 6        ; RESERVED_INPUT_WITH_WEAK_PULLUP                ;        ;                       ;         ; Row I/O    ;                 ; no       ; On           ;
; L20      ; 351        ; 6        ; RESERVED_INPUT_WITH_WEAK_PULLUP                ;        ;                       ;         ; Row I/O    ;                 ; no       ; On           ;
; L21      ;            ;          ; GND                                            ; gnd    ;                       ;         ; --         ;                 ; --       ; --           ;
; L22      ; 314        ; 5        ; RESERVED_INPUT_WITH_WEAK_PULLUP                ;        ;                       ;         ; Row I/O    ;                 ; no       ; On           ;
; M1       ; 79         ; 2        ; RESERVED_INPUT_WITH_WEAK_PULLUP                ;        ;                       ;         ; Row I/O    ;                 ; no       ; On           ;
; M2       ; 77         ; 2        ; RESERVED_INPUT_WITH_WEAK_PULLUP                ;        ;                       ;         ; Row I/O    ;                 ; --       ; --           ;
; M3       ; 50         ; 1B       ; N[38]                                          ; input  ; 2.5 V                 ;         ; Row I/O    ; N               ; no       ; Off          ;
; M4       ; 48         ; 1B       ; N[123]                                         ; input  ; 2.5 V                 ;         ; Row I/O    ; N               ; no       ; Off          ;
; M5       ; 38         ; 1B       ; ~ALTERA_TDO~                                   ; output ; 2.5 V                 ;         ; Row I/O    ; N               ; no       ; Off          ;
; M6       ;            ; 1B       ; VCCIO1B                                        ; power  ;                       ; 2.5V    ; --         ;                 ; --       ; --           ;
; M7       ;            ;          ; GND                                            ; gnd    ;                       ;         ; --         ;                 ; --       ; --           ;
; M8       ; 72         ; 2        ; N[91]                                          ; input  ; 2.5 V                 ;         ; Row I/O    ; N               ; no       ; Off          ;
; M9       ; 74         ; 2        ; N[22]                                          ; input  ; 2.5 V                 ;         ; Row I/O    ; N               ; no       ; Off          ;
; M10      ;            ;          ; GND                                            ; gnd    ;                       ;         ; --         ;                 ; --       ; --           ;
; M11      ;            ; --       ; VCC                                            ; power  ;                       ; 1.2V    ; --         ;                 ; --       ; --           ;
; M12      ;            ; --       ; VCC                                            ; power  ;                       ; 1.2V    ; --         ;                 ; --       ; --           ;
; M13      ;            ; --       ; VCC                                            ; power  ;                       ; 1.2V    ; --         ;                 ; --       ; --           ;
; M14      ; 334        ; 6        ; RESERVED_INPUT_WITH_WEAK_PULLUP                ;        ;                       ;         ; Row I/O    ;                 ; no       ; On           ;
; M15      ; 332        ; 6        ; RESERVED_INPUT_WITH_WEAK_PULLUP                ;        ;                       ;         ; Row I/O    ;                 ; no       ; On           ;
; M16      ;            ;          ; GND                                            ; gnd    ;                       ;         ; --         ;                 ; --       ; --           ;
; M17      ;            ; 6        ; VCCIO6                                         ; power  ;                       ; 2.5V    ; --         ;                 ; --       ; --           ;
; M18      ; 348        ; 6        ; RESERVED_INPUT_WITH_WEAK_PULLUP                ;        ;                       ;         ; Row I/O    ;                 ; no       ; On           ;
; M19      ;            ;          ; GND                                            ; gnd    ;                       ;         ; --         ;                 ; --       ; --           ;
; M20      ; 337        ; 6        ; RESERVED_INPUT_WITH_WEAK_PULLUP                ;        ;                       ;         ; Row I/O    ;                 ; no       ; On           ;
; M21      ; 312        ; 5        ; RESERVED_INPUT_WITH_WEAK_PULLUP                ;        ;                       ;         ; Row I/O    ;                 ; no       ; On           ;
; M22      ; 315        ; 5        ; RESERVED_INPUT_WITH_WEAK_PULLUP                ;        ;                       ;         ; Row I/O    ;                 ; no       ; On           ;
; N1       ; 87         ; 2        ; RESERVED_INPUT_WITH_WEAK_PULLUP                ;        ;                       ;         ; Row I/O    ;                 ; no       ; On           ;
; N2       ; 75         ; 2        ; RESERVED_INPUT_WITH_WEAK_PULLUP                ;        ;                       ;         ; Row I/O    ;                 ; no       ; On           ;
; N3       ; 73         ; 2        ; RESERVED_INPUT_WITH_WEAK_PULLUP                ;        ;                       ;         ; Row I/O    ;                 ; no       ; On           ;
; N4       ; 56         ; 2        ; N[21]                                          ; input  ; 2.5 V                 ;         ; Row I/O    ; N               ; no       ; Off          ;
; N5       ; 58         ; 2        ; N[54]                                          ; input  ; 2.5 V                 ;         ; Row I/O    ; N               ; no       ; Off          ;
; N6       ;            ; 2        ; VCCIO2                                         ; power  ;                       ; 2.5V    ; --         ;                 ; --       ; --           ;
; N7       ;            ; 2        ; VCCIO2                                         ; power  ;                       ; 2.5V    ; --         ;                 ; --       ; --           ;
; N8       ; 84         ; 2        ; RESERVED_INPUT_WITH_WEAK_PULLUP                ;        ;                       ;         ; Row I/O    ;                 ; no       ; On           ;
; N9       ; 86         ; 2        ; RESERVED_INPUT_WITH_WEAK_PULLUP                ;        ;                       ;         ; Row I/O    ;                 ; no       ; On           ;
; N10      ;            ; --       ; VCC                                            ; power  ;                       ; 1.2V    ; --         ;                 ; --       ; --           ;
; N11      ;            ;          ; GND                                            ; gnd    ;                       ;         ; --         ;                 ; --       ; --           ;
; N12      ;            ; --       ; VCC                                            ; power  ;                       ; 1.2V    ; --         ;                 ; --       ; --           ;
; N13      ;            ;          ; GND                                            ; gnd    ;                       ;         ; --         ;                 ; --       ; --           ;
; N14      ; 320        ; 6        ; RESERVED_INPUT_WITH_WEAK_PULLUP                ;        ;                       ;         ; Row I/O    ;                 ; no       ; On           ;
; N15      ; 322        ; 6        ; RESERVED_INPUT_WITH_WEAK_PULLUP                ;        ;                       ;         ; Row I/O    ;                 ; no       ; On           ;
; N16      ;            ; 5        ; VCCIO5                                         ; power  ;                       ; 2.5V    ; --         ;                 ; --       ; --           ;
; N17      ;            ; 6        ; VCCIO6                                         ; power  ;                       ; 2.5V    ; --         ;                 ; --       ; --           ;
; N18      ; 336        ; 6        ; RESERVED_INPUT_WITH_WEAK_PULLUP                ;        ;                       ;         ; Row I/O    ;                 ; no       ; On           ;
; N19      ; 338        ; 6        ; RESERVED_INPUT_WITH_WEAK_PULLUP                ;        ;                       ;         ; Row I/O    ;                 ; no       ; On           ;
; N20      ; 339        ; 6        ; RESERVED_INPUT_WITH_WEAK_PULLUP                ;        ;                       ;         ; Row I/O    ;                 ; no       ; On           ;
; N21      ; 313        ; 5        ; RESERVED_INPUT_WITH_WEAK_PULLUP                ;        ;                       ;         ; Row I/O    ;                 ; no       ; On           ;
; N22      ; 307        ; 5        ; RESERVED_INPUT_WITH_WEAK_PULLUP                ;        ;                       ;         ; Row I/O    ;                 ; no       ; On           ;
; P1       ; 85         ; 2        ; RESERVED_INPUT_WITH_WEAK_PULLUP                ;        ;                       ;         ; Row I/O    ;                 ; no       ; On           ;
; P2       ;            ;          ; GND                                            ; gnd    ;                       ;         ; --         ;                 ; --       ; --           ;
; P3       ; 76         ; 2        ; RESERVED_INPUT_WITH_WEAK_PULLUP                ;        ;                       ;         ; Row I/O    ;                 ; no       ; On           ;
; P4       ; 57         ; 2        ; N[102]                                         ; input  ; 2.5 V                 ;         ; Row I/O    ; N               ; no       ; Off          ;
; P5       ; 59         ; 2        ; N[78]                                          ; input  ; 2.5 V                 ;         ; Row I/O    ; N               ; no       ; Off          ;
; P6       ;            ;          ; GND                                            ; gnd    ;                       ;         ; --         ;                 ; --       ; --           ;
; P7       ;            ; 2        ; VCCIO2                                         ; power  ;                       ; 2.5V    ; --         ;                 ; --       ; --           ;
; P8       ; 96         ; 2        ; RESERVED_INPUT_WITH_WEAK_PULLUP                ;        ;                       ;         ; Row I/O    ;                 ; no       ; On           ;
; P9       ; 142        ; 3        ; N[19]                                          ; input  ; 2.5 V                 ;         ; Column I/O ; N               ; no       ; Off          ;
; P10      ; 154        ; 3        ; N[87]                                          ; input  ; 2.5 V                 ;         ; Column I/O ; N               ; no       ; Off          ;
; P11      ; 166        ; 3        ; RESERVED_INPUT_WITH_WEAK_PULLUP                ;        ;                       ;         ; Column I/O ;                 ; no       ; On           ;
; P12      ; 178        ; 4        ; N[90]                                          ; input  ; 2.5 V                 ;         ; Column I/O ; N               ; no       ; Off          ;
; P13      ; 198        ; 4        ; N[75]                                          ; input  ; 2.5 V                 ;         ; Column I/O ; N               ; no       ; Off          ;
; P14      ; 306        ; 5        ; RESERVED_INPUT_WITH_WEAK_PULLUP                ;        ;                       ;         ; Row I/O    ;                 ; no       ; On           ;
; P15      ; 304        ; 5        ; RESERVED_INPUT_WITH_WEAK_PULLUP                ;        ;                       ;         ; Row I/O    ;                 ; no       ; On           ;
; P16      ;            ; 5        ; VCCIO5                                         ; power  ;                       ; 2.5V    ; --         ;                 ; --       ; --           ;
; P17      ;            ;          ; GND                                            ; gnd    ;                       ;         ; --         ;                 ; --       ; --           ;
; P18      ; 310        ; 5        ; RESERVED_INPUT_WITH_WEAK_PULLUP                ;        ;                       ;         ; Row I/O    ;                 ; no       ; On           ;
; P19      ; 309        ; 5        ; RESERVED_INPUT_WITH_WEAK_PULLUP                ;        ;                       ;         ; Row I/O    ;                 ; no       ; On           ;
; P20      ; 311        ; 5        ; RESERVED_INPUT_WITH_WEAK_PULLUP                ;        ;                       ;         ; Row I/O    ;                 ; no       ; On           ;
; P21      ; 305        ; 5        ; RESERVED_INPUT_WITH_WEAK_PULLUP                ;        ;                       ;         ; Row I/O    ;                 ; no       ; On           ;
; P22      ; 303        ; 5        ; RESERVED_INPUT_WITH_WEAK_PULLUP                ;        ;                       ;         ; Row I/O    ;                 ; --       ; --           ;
; R1       ; 121        ; 2        ; RESERVED_INPUT_WITH_WEAK_PULLUP                ;        ;                       ;         ; Row I/O    ;                 ; no       ; On           ;
; R2       ; 123        ; 2        ; RESERVED_INPUT_WITH_WEAK_PULLUP                ;        ;                       ;         ; Row I/O    ;                 ; no       ; On           ;
; R3       ; 78         ; 2        ; RESERVED_INPUT_WITH_WEAK_PULLUP                ;        ;                       ;         ; Row I/O    ;                 ; no       ; On           ;
; R4       ; 80         ; 2        ; RESERVED_INPUT_WITH_WEAK_PULLUP                ;        ;                       ;         ; Row I/O    ;                 ; no       ; On           ;
; R5       ; 82         ; 2        ; RESERVED_INPUT_WITH_WEAK_PULLUP                ;        ;                       ;         ; Row I/O    ;                 ; no       ; On           ;
; R6       ;            ; 2        ; VCCIO2                                         ; power  ;                       ; 2.5V    ; --         ;                 ; --       ; --           ;
; R7       ; 98         ; 2        ; RESERVED_INPUT_WITH_WEAK_PULLUP                ;        ;                       ;         ; Row I/O    ;                 ; no       ; On           ;
; R8       ;            ; --       ; VCCA1                                          ; power  ;                       ; 2.5V    ; --         ;                 ; --       ; --           ;
; R9       ; 140        ; 3        ; N[31]                                          ; input  ; 2.5 V                 ;         ; Column I/O ; N               ; no       ; Off          ;
; R10      ; 152        ; 3        ; N[47]                                          ; input  ; 2.5 V                 ;         ; Column I/O ; N               ; no       ; Off          ;
; R11      ; 164        ; 3        ; RESERVED_INPUT_WITH_WEAK_PULLUP                ;        ;                       ;         ; Column I/O ;                 ; no       ; On           ;
; R12      ; 176        ; 4        ; N[34]                                          ; input  ; 2.5 V                 ;         ; Column I/O ; N               ; no       ; Off          ;
; R13      ; 196        ; 4        ; N[26]                                          ; input  ; 2.5 V                 ;         ; Column I/O ; N               ; no       ; Off          ;
; R14      ; 294        ; 5        ; RESERVED_INPUT_WITH_WEAK_PULLUP                ;        ;                       ;         ; Row I/O    ;                 ; no       ; On           ;
; R15      ; 292        ; 5        ; RESERVED_INPUT_WITH_WEAK_PULLUP                ;        ;                       ;         ; Row I/O    ;                 ; no       ; On           ;
; R16      ;            ; 5        ; VCCIO5                                         ; power  ;                       ; 2.5V    ; --         ;                 ; --       ; --           ;
; R17      ;            ; 5        ; VCCIO5                                         ; power  ;                       ; 2.5V    ; --         ;                 ; --       ; --           ;
; R18      ; 308        ; 5        ; RESERVED_INPUT_WITH_WEAK_PULLUP                ;        ;                       ;         ; Row I/O    ;                 ; no       ; On           ;
; R19      ;            ;          ; GND                                            ; gnd    ;                       ;         ; --         ;                 ; --       ; --           ;
; R20      ; 299        ; 5        ; RESERVED_INPUT_WITH_WEAK_PULLUP                ;        ;                       ;         ; Row I/O    ;                 ; no       ; On           ;
; R21      ;            ;          ; GND                                            ; gnd    ;                       ;         ; --         ;                 ; --       ; --           ;
; R22      ; 301        ; 5        ; RESERVED_INPUT_WITH_WEAK_PULLUP                ;        ;                       ;         ; Row I/O    ;                 ; no       ; On           ;
; T1       ; 81         ; 2        ; RESERVED_INPUT_WITH_WEAK_PULLUP                ;        ;                       ;         ; Row I/O    ;                 ; no       ; On           ;
; T2       ; 83         ; 2        ; RESERVED_INPUT_WITH_WEAK_PULLUP                ;        ;                       ;         ; Row I/O    ;                 ; no       ; On           ;
; T3       ; 88         ; 2        ; RESERVED_INPUT_WITH_WEAK_PULLUP                ;        ;                       ;         ; Row I/O    ;                 ; no       ; On           ;
; T4       ;            ;          ; GND                                            ; gnd    ;                       ;         ; --         ;                 ; --       ; --           ;
; T5       ; 120        ; 2        ; RESERVED_INPUT_WITH_WEAK_PULLUP                ;        ;                       ;         ; Row I/O    ;                 ; no       ; On           ;
; T6       ; 122        ; 2        ; RESERVED_INPUT_WITH_WEAK_PULLUP                ;        ;                       ;         ; Row I/O    ;                 ; no       ; On           ;
; T7       ;            ;          ; VCCD_PLL1                                      ; power  ;                       ; 1.2V    ; --         ;                 ; --       ; --           ;
; T8       ;            ;          ; GND                                            ; gnd    ;                       ;         ; --         ;                 ; --       ; --           ;
; T9       ;            ; 3        ; VCCIO3                                         ; power  ;                       ; 2.5V    ; --         ;                 ; --       ; --           ;
; T10      ;            ; 3        ; VCCIO3                                         ; power  ;                       ; 2.5V    ; --         ;                 ; --       ; --           ;
; T11      ;            ; 3        ; VCCIO3                                         ; power  ;                       ; 2.5V    ; --         ;                 ; --       ; --           ;
; T12      ;            ; 4        ; VCCIO4                                         ; power  ;                       ; 2.5V    ; --         ;                 ; --       ; --           ;
; T13      ;            ; 4        ; VCCIO4                                         ; power  ;                       ; 2.5V    ; --         ;                 ; --       ; --           ;
; T14      ;            ;          ; GND                                            ; gnd    ;                       ;         ; --         ;                 ; --       ; --           ;
; T15      ;            ; --       ; VCCA4                                          ; power  ;                       ; 2.5V    ; --         ;                 ; --       ; --           ;
; T16      ;            ;          ; GND                                            ; gnd    ;                       ;         ; --         ;                 ; --       ; --           ;
; T17      ;            ; 5        ; VCCIO5                                         ; power  ;                       ; 2.5V    ; --         ;                 ; --       ; --           ;
; T18      ; 298        ; 5        ; RESERVED_INPUT_WITH_WEAK_PULLUP                ;        ;                       ;         ; Row I/O    ;                 ; no       ; On           ;
; T19      ; 296        ; 5        ; RESERVED_INPUT_WITH_WEAK_PULLUP                ;        ;                       ;         ; Row I/O    ;                 ; no       ; On           ;
; T20      ; 297        ; 5        ; RESERVED_INPUT_WITH_WEAK_PULLUP                ;        ;                       ;         ; Row I/O    ;                 ; no       ; On           ;
; T21      ; 293        ; 5        ; RESERVED_INPUT_WITH_WEAK_PULLUP                ;        ;                       ;         ; Row I/O    ;                 ; no       ; On           ;
; T22      ; 295        ; 5        ; RESERVED_INPUT_WITH_WEAK_PULLUP                ;        ;                       ;         ; Row I/O    ;                 ; no       ; On           ;
; U1       ; 89         ; 2        ; RESERVED_INPUT_WITH_WEAK_PULLUP                ;        ;                       ;         ; Row I/O    ;                 ; no       ; On           ;
; U2       ; 90         ; 2        ; RESERVED_INPUT_WITH_WEAK_PULLUP                ;        ;                       ;         ; Row I/O    ;                 ; no       ; On           ;
; U3       ; 93         ; 2        ; RESERVED_INPUT_WITH_WEAK_PULLUP                ;        ;                       ;         ; Row I/O    ;                 ; no       ; On           ;
; U4       ; 92         ; 2        ; RESERVED_INPUT_WITH_WEAK_PULLUP                ;        ;                       ;         ; Row I/O    ;                 ; no       ; On           ;
; U5       ; 94         ; 2        ; RESERVED_INPUT_WITH_WEAK_PULLUP                ;        ;                       ;         ; Row I/O    ;                 ; no       ; On           ;
; U6       ; 128        ; 3        ; RESERVED_INPUT_WITH_WEAK_PULLUP                ;        ;                       ;         ; Column I/O ;                 ; no       ; On           ;
; U7       ; 130        ; 3        ; RESERVED_INPUT_WITH_WEAK_PULLUP                ;        ;                       ;         ; Column I/O ;                 ; no       ; On           ;
; U8       ;            ; 3        ; VCCIO3                                         ; power  ;                       ; 2.5V    ; --         ;                 ; --       ; --           ;
; U9       ;            ; 3        ; VCCIO3                                         ; power  ;                       ; 2.5V    ; --         ;                 ; --       ; --           ;
; U10      ;            ;          ; GND                                            ; gnd    ;                       ;         ; --         ;                 ; --       ; --           ;
; U11      ;            ; 4        ; VCCIO4                                         ; power  ;                       ; 2.5V    ; --         ;                 ; --       ; --           ;
; U12      ;            ; 4        ; VCCIO4                                         ; power  ;                       ; 2.5V    ; --         ;                 ; --       ; --           ;
; U13      ;            ;          ; GND                                            ; gnd    ;                       ;         ; --         ;                 ; --       ; --           ;
; U14      ;            ; 4        ; VCCIO4                                         ; power  ;                       ; 2.5V    ; --         ;                 ; --       ; --           ;
; U15      ; 208        ; 4        ; N[17]                                          ; input  ; 2.5 V                 ;         ; Column I/O ; N               ; no       ; Off          ;
; U16      ;            ;          ; VCCD_PLL4                                      ; power  ;                       ; 1.2V    ; --         ;                 ; --       ; --           ;
; U17      ; 246        ; 5        ; N[24]                                          ; input  ; 2.5 V                 ;         ; Row I/O    ; N               ; no       ; Off          ;
; U18      ; 244        ; 5        ; N[33]                                          ; input  ; 2.5 V                 ;         ; Row I/O    ; N               ; no       ; Off          ;
; U19      ; 282        ; 5        ; N[80]                                          ; input  ; 2.5 V                 ;         ; Row I/O    ; N               ; no       ; Off          ;
; U20      ; 290        ; 5        ; RESERVED_INPUT_WITH_WEAK_PULLUP                ;        ;                       ;         ; Row I/O    ;                 ; no       ; On           ;
; U21      ; 300        ; 5        ; RESERVED_INPUT_WITH_WEAK_PULLUP                ;        ;                       ;         ; Row I/O    ;                 ; no       ; On           ;
; U22      ; 302        ; 5        ; RESERVED_INPUT_WITH_WEAK_PULLUP                ;        ;                       ;         ; Row I/O    ;                 ; no       ; On           ;
; V1       ; 91         ; 2        ; RESERVED_INPUT_WITH_WEAK_PULLUP                ;        ;                       ;         ; Row I/O    ;                 ; no       ; On           ;
; V2       ;            ;          ; GND                                            ; gnd    ;                       ;         ; --         ;                 ; --       ; --           ;
; V3       ; 95         ; 2        ; RESERVED_INPUT_WITH_WEAK_PULLUP                ;        ;                       ;         ; Row I/O    ;                 ; no       ; On           ;
; V4       ; 125        ; 3        ; RESERVED_INPUT_WITH_WEAK_PULLUP                ;        ;                       ;         ; Column I/O ;                 ; no       ; On           ;
; V5       ; 127        ; 3        ; RESERVED_INPUT_WITH_WEAK_PULLUP                ;        ;                       ;         ; Column I/O ;                 ; no       ; On           ;
; V6       ;            ;          ; GND                                            ; gnd    ;                       ;         ; --         ;                 ; --       ; --           ;
; V7       ; 136        ; 3        ; RESERVED_INPUT_WITH_WEAK_PULLUP                ;        ;                       ;         ; Column I/O ;                 ; no       ; On           ;
; V8       ; 138        ; 3        ; N[71]                                          ; input  ; 2.5 V                 ;         ; Column I/O ; N               ; no       ; Off          ;
; V9       ; 160        ; 3        ; RESERVED_INPUT_WITH_WEAK_PULLUP                ;        ;                       ;         ; Column I/O ;                 ; no       ; On           ;
; V10      ; 162        ; 3        ; z[7]                                           ; output ; 2.5 V                 ;         ; Column I/O ; N               ; no       ; Off          ;
; V11      ; 172        ; 4        ; N[107]                                         ; input  ; 2.5 V                 ;         ; Column I/O ; N               ; no       ; Off          ;
; V12      ; 174        ; 4        ; N[43]                                          ; input  ; 2.5 V                 ;         ; Column I/O ; N               ; no       ; Off          ;
; V13      ; 192        ; 4        ; N[11]                                          ; input  ; 2.5 V                 ;         ; Column I/O ; N               ; no       ; Off          ;
; V14      ; 204        ; 4        ; N[18]                                          ; input  ; 2.5 V                 ;         ; Column I/O ; N               ; no       ; Off          ;
; V15      ; 216        ; 4        ; N[112]                                         ; input  ; 2.5 V                 ;         ; Column I/O ; N               ; no       ; Off          ;
; V16      ; 210        ; 4        ; N[16]                                          ; input  ; 2.5 V                 ;         ; Column I/O ; N               ; no       ; Off          ;
; V17      ; 242        ; 4        ; RESERVED_INPUT_WITH_WEAK_PULLUP                ;        ;                       ;         ; Column I/O ;                 ; no       ; On           ;
; V18      ; 280        ; 5        ; RESERVED_INPUT_WITH_WEAK_PULLUP                ;        ;                       ;         ; Row I/O    ;                 ; no       ; On           ;
; V19      ;            ;          ; GND                                            ; gnd    ;                       ;         ; --         ;                 ; --       ; --           ;
; V20      ; 288        ; 5        ; RESERVED_INPUT_WITH_WEAK_PULLUP                ;        ;                       ;         ; Row I/O    ;                 ; no       ; On           ;
; V21      ; 289        ; 5        ; RESERVED_INPUT_WITH_WEAK_PULLUP                ;        ;                       ;         ; Row I/O    ;                 ; no       ; On           ;
; V22      ; 291        ; 5        ; RESERVED_INPUT_WITH_WEAK_PULLUP                ;        ;                       ;         ; Row I/O    ;                 ; no       ; On           ;
; W1       ; 97         ; 2        ; RESERVED_INPUT_WITH_WEAK_PULLUP                ;        ;                       ;         ; Row I/O    ;                 ; no       ; On           ;
; W2       ; 99         ; 2        ; RESERVED_INPUT_WITH_WEAK_PULLUP                ;        ;                       ;         ; Row I/O    ;                 ; no       ; On           ;
; W3       ; 134        ; 3        ; RESERVED_INPUT_WITH_WEAK_PULLUP                ;        ;                       ;         ; Column I/O ;                 ; no       ; On           ;
; W4       ; 132        ; 3        ; RESERVED_INPUT_WITH_WEAK_PULLUP                ;        ;                       ;         ; Column I/O ;                 ; no       ; On           ;
; W5       ; 124        ; 3        ; RESERVED_INPUT_WITH_WEAK_PULLUP                ;        ;                       ;         ; Column I/O ;                 ; no       ; On           ;
; W6       ; 126        ; 3        ; RESERVED_INPUT_WITH_WEAK_PULLUP                ;        ;                       ;         ; Column I/O ;                 ; no       ; On           ;
; W7       ; 148        ; 3        ; z[3]                                           ; output ; 2.5 V                 ;         ; Column I/O ; N               ; no       ; Off          ;
; W8       ; 150        ; 3        ; N[23]                                          ; input  ; 2.5 V                 ;         ; Column I/O ; N               ; no       ; Off          ;
; W9       ; 144        ; 3        ; N[115]                                         ; input  ; 2.5 V                 ;         ; Column I/O ; N               ; no       ; Off          ;
; W10      ; 146        ; 3        ; N[35]                                          ; input  ; 2.5 V                 ;         ; Column I/O ; N               ; no       ; Off          ;
; W11      ; 173        ; 4        ; N[65]                                          ; input  ; 2.5 V                 ;         ; Column I/O ; N               ; no       ; Off          ;
; W12      ; 193        ; 4        ; N[50]                                          ; input  ; 2.5 V                 ;         ; Column I/O ; N               ; no       ; Off          ;
; W13      ; 195        ; 4        ; N[9]                                           ; input  ; 2.5 V                 ;         ; Column I/O ; N               ; no       ; Off          ;
; W14      ; 194        ; 4        ; N[122]                                         ; input  ; 2.5 V                 ;         ; Column I/O ; N               ; no       ; Off          ;
; W15      ; 206        ; 4        ; N[81]                                          ; input  ; 2.5 V                 ;         ; Column I/O ; N               ; no       ; Off          ;
; W16      ; 218        ; 4        ; N[48]                                          ; input  ; 2.5 V                 ;         ; Column I/O ; N               ; no       ; Off          ;
; W17      ; 240        ; 4        ; RESERVED_INPUT_WITH_WEAK_PULLUP                ;        ;                       ;         ; Column I/O ;                 ; no       ; On           ;
; W18      ; 226        ; 4        ; N[49]                                          ; input  ; 2.5 V                 ;         ; Column I/O ; N               ; no       ; Off          ;
; W19      ; 284        ; 5        ; RESERVED_INPUT_WITH_WEAK_PULLUP                ;        ;                       ;         ; Row I/O    ;                 ; no       ; On           ;
; W20      ; 286        ; 5        ; RESERVED_INPUT_WITH_WEAK_PULLUP                ;        ;                       ;         ; Row I/O    ;                 ; no       ; On           ;
; W21      ;            ;          ; GND                                            ; gnd    ;                       ;         ; --         ;                 ; --       ; --           ;
; W22      ; 283        ; 5        ; RESERVED_INPUT_WITH_WEAK_PULLUP                ;        ;                       ;         ; Row I/O    ;                 ; no       ; On           ;
; Y1       ; 129        ; 3        ; RESERVED_INPUT_WITH_WEAK_PULLUP                ;        ;                       ;         ; Column I/O ;                 ; no       ; On           ;
; Y2       ; 131        ; 3        ; RESERVED_INPUT_WITH_WEAK_PULLUP                ;        ;                       ;         ; Column I/O ;                 ; no       ; On           ;
; Y3       ; 149        ; 3        ; N[67]                                          ; input  ; 2.5 V                 ;         ; Column I/O ; N               ; no       ; Off          ;
; Y4       ; 151        ; 3        ; N[119]                                         ; input  ; 2.5 V                 ;         ; Column I/O ; N               ; no       ; Off          ;
; Y5       ; 137        ; 3        ; RESERVED_INPUT_WITH_WEAK_PULLUP                ;        ;                       ;         ; Column I/O ;                 ; no       ; On           ;
; Y6       ; 139        ; 3        ; RESERVED_INPUT_WITH_WEAK_PULLUP                ;        ;                       ;         ; Column I/O ;                 ; no       ; On           ;
; Y7       ; 141        ; 3        ; N[79]                                          ; input  ; 2.5 V                 ;         ; Column I/O ; N               ; no       ; Off          ;
; Y8       ; 143        ; 3        ; RESERVED_INPUT_WITH_WEAK_PULLUP                ;        ;                       ;         ; Column I/O ;                 ; no       ; On           ;
; Y9       ;            ;          ; GND                                            ; gnd    ;                       ;         ; --         ;                 ; --       ; --           ;
; Y10      ; 168        ; 3        ; N[63]                                          ; input  ; 2.5 V                 ;         ; Column I/O ; N               ; no       ; Off          ;
; Y11      ; 175        ; 4        ; N[97]                                          ; input  ; 2.5 V                 ;         ; Column I/O ; N               ; no       ; Off          ;
; Y12      ;            ;          ; GND                                            ; gnd    ;                       ;         ; --         ;                 ; --       ; --           ;
; Y13      ; 200        ; 4        ; N[106]                                         ; input  ; 2.5 V                 ;         ; Column I/O ; N               ; no       ; Off          ;
; Y14      ; 202        ; 4        ; N[41]                                          ; input  ; 2.5 V                 ;         ; Column I/O ; N               ; no       ; Off          ;
; Y15      ;            ;          ; GND                                            ; gnd    ;                       ;         ; --         ;                 ; --       ; --           ;
; Y16      ; 207        ; 4        ; N[8]                                           ; input  ; 2.5 V                 ;         ; Column I/O ; N               ; no       ; Off          ;
; Y17      ; 214        ; 4        ; N[88]                                          ; input  ; 2.5 V                 ;         ; Column I/O ; N               ; no       ; Off          ;
; Y18      ; 219        ; 4        ; N[72]                                          ; input  ; 2.5 V                 ;         ; Column I/O ; N               ; no       ; Off          ;
; Y19      ; 224        ; 4        ; N[56]                                          ; input  ; 2.5 V                 ;         ; Column I/O ; N               ; no       ; Off          ;
; Y20      ; 285        ; 5        ; RESERVED_INPUT_WITH_WEAK_PULLUP                ;        ;                       ;         ; Row I/O    ;                 ; no       ; On           ;
; Y21      ; 287        ; 5        ; RESERVED_INPUT_WITH_WEAK_PULLUP                ;        ;                       ;         ; Row I/O    ;                 ; no       ; On           ;
; Y22      ; 281        ; 5        ; RESERVED_INPUT_WITH_WEAK_PULLUP                ;        ;                       ;         ; Row I/O    ;                 ; no       ; On           ;
+----------+------------+----------+------------------------------------------------+--------+-----------------------+---------+------------+-----------------+----------+--------------+
Note: Pin directions (input, output or bidir) are based on device operating in user mode.


+--------------------------------------------+
; I/O Assignment Warnings                    ;
+------------+-------------------------------+
; Pin Name   ; Reason                        ;
+------------+-------------------------------+
; z[0]       ; Incomplete set of assignments ;
; z[1]       ; Incomplete set of assignments ;
; z[2]       ; Incomplete set of assignments ;
; z[3]       ; Incomplete set of assignments ;
; z[4]       ; Incomplete set of assignments ;
; z[5]       ; Incomplete set of assignments ;
; z[6]       ; Incomplete set of assignments ;
; z[7]       ; Incomplete set of assignments ;
; N[80]      ; Incomplete set of assignments ;
; selecao[1] ; Incomplete set of assignments ;
; N[72]      ; Incomplete set of assignments ;
; selecao[0] ; Incomplete set of assignments ;
; N[64]      ; Incomplete set of assignments ;
; N[88]      ; Incomplete set of assignments ;
; selecao[3] ; Incomplete set of assignments ;
; N[40]      ; Incomplete set of assignments ;
; N[48]      ; Incomplete set of assignments ;
; N[32]      ; Incomplete set of assignments ;
; N[56]      ; Incomplete set of assignments ;
; selecao[2] ; Incomplete set of assignments ;
; N[16]      ; Incomplete set of assignments ;
; N[8]       ; Incomplete set of assignments ;
; N[0]       ; Incomplete set of assignments ;
; N[24]      ; Incomplete set of assignments ;
; N[104]     ; Incomplete set of assignments ;
; N[112]     ; Incomplete set of assignments ;
; N[96]      ; Incomplete set of assignments ;
; N[120]     ; Incomplete set of assignments ;
; N[49]      ; Incomplete set of assignments ;
; N[81]      ; Incomplete set of assignments ;
; N[17]      ; Incomplete set of assignments ;
; N[113]     ; Incomplete set of assignments ;
; N[73]      ; Incomplete set of assignments ;
; N[41]      ; Incomplete set of assignments ;
; N[9]       ; Incomplete set of assignments ;
; N[105]     ; Incomplete set of assignments ;
; N[33]      ; Incomplete set of assignments ;
; N[65]      ; Incomplete set of assignments ;
; N[1]       ; Incomplete set of assignments ;
; N[97]      ; Incomplete set of assignments ;
; N[89]      ; Incomplete set of assignments ;
; N[57]      ; Incomplete set of assignments ;
; N[25]      ; Incomplete set of assignments ;
; N[121]     ; Incomplete set of assignments ;
; N[50]      ; Incomplete set of assignments ;
; N[42]      ; Incomplete set of assignments ;
; N[34]      ; Incomplete set of assignments ;
; N[58]      ; Incomplete set of assignments ;
; N[74]      ; Incomplete set of assignments ;
; N[82]      ; Incomplete set of assignments ;
; N[66]      ; Incomplete set of assignments ;
; N[90]      ; Incomplete set of assignments ;
; N[10]      ; Incomplete set of assignments ;
; N[18]      ; Incomplete set of assignments ;
; N[2]       ; Incomplete set of assignments ;
; N[26]      ; Incomplete set of assignments ;
; N[114]     ; Incomplete set of assignments ;
; N[106]     ; Incomplete set of assignments ;
; N[98]      ; Incomplete set of assignments ;
; N[122]     ; Incomplete set of assignments ;
; N[43]      ; Incomplete set of assignments ;
; N[75]      ; Incomplete set of assignments ;
; N[11]      ; Incomplete set of assignments ;
; N[107]     ; Incomplete set of assignments ;
; N[83]      ; Incomplete set of assignments ;
; N[51]      ; Incomplete set of assignments ;
; N[19]      ; Incomplete set of assignments ;
; N[115]     ; Incomplete set of assignments ;
; N[67]      ; Incomplete set of assignments ;
; N[35]      ; Incomplete set of assignments ;
; N[3]       ; Incomplete set of assignments ;
; N[99]      ; Incomplete set of assignments ;
; N[59]      ; Incomplete set of assignments ;
; N[91]      ; Incomplete set of assignments ;
; N[27]      ; Incomplete set of assignments ;
; N[123]     ; Incomplete set of assignments ;
; N[84]      ; Incomplete set of assignments ;
; N[76]      ; Incomplete set of assignments ;
; N[68]      ; Incomplete set of assignments ;
; N[92]      ; Incomplete set of assignments ;
; N[44]      ; Incomplete set of assignments ;
; N[52]      ; Incomplete set of assignments ;
; N[36]      ; Incomplete set of assignments ;
; N[60]      ; Incomplete set of assignments ;
; N[20]      ; Incomplete set of assignments ;
; N[12]      ; Incomplete set of assignments ;
; N[4]       ; Incomplete set of assignments ;
; N[28]      ; Incomplete set of assignments ;
; N[108]     ; Incomplete set of assignments ;
; N[116]     ; Incomplete set of assignments ;
; N[100]     ; Incomplete set of assignments ;
; N[124]     ; Incomplete set of assignments ;
; N[53]      ; Incomplete set of assignments ;
; N[85]      ; Incomplete set of assignments ;
; N[21]      ; Incomplete set of assignments ;
; N[117]     ; Incomplete set of assignments ;
; N[77]      ; Incomplete set of assignments ;
; N[45]      ; Incomplete set of assignments ;
; N[13]      ; Incomplete set of assignments ;
; N[109]     ; Incomplete set of assignments ;
; N[37]      ; Incomplete set of assignments ;
; N[69]      ; Incomplete set of assignments ;
; N[5]       ; Incomplete set of assignments ;
; N[101]     ; Incomplete set of assignments ;
; N[93]      ; Incomplete set of assignments ;
; N[61]      ; Incomplete set of assignments ;
; N[29]      ; Incomplete set of assignments ;
; N[125]     ; Incomplete set of assignments ;
; N[54]      ; Incomplete set of assignments ;
; N[46]      ; Incomplete set of assignments ;
; N[38]      ; Incomplete set of assignments ;
; N[62]      ; Incomplete set of assignments ;
; N[78]      ; Incomplete set of assignments ;
; N[86]      ; Incomplete set of assignments ;
; N[70]      ; Incomplete set of assignments ;
; N[94]      ; Incomplete set of assignments ;
; N[14]      ; Incomplete set of assignments ;
; N[22]      ; Incomplete set of assignments ;
; N[6]       ; Incomplete set of assignments ;
; N[30]      ; Incomplete set of assignments ;
; N[118]     ; Incomplete set of assignments ;
; N[110]     ; Incomplete set of assignments ;
; N[102]     ; Incomplete set of assignments ;
; N[126]     ; Incomplete set of assignments ;
; N[47]      ; Incomplete set of assignments ;
; N[79]      ; Incomplete set of assignments ;
; N[15]      ; Incomplete set of assignments ;
; N[111]     ; Incomplete set of assignments ;
; N[87]      ; Incomplete set of assignments ;
; N[55]      ; Incomplete set of assignments ;
; N[23]      ; Incomplete set of assignments ;
; N[119]     ; Incomplete set of assignments ;
; N[71]      ; Incomplete set of assignments ;
; N[39]      ; Incomplete set of assignments ;
; N[7]       ; Incomplete set of assignments ;
; N[103]     ; Incomplete set of assignments ;
; N[63]      ; Incomplete set of assignments ;
; N[95]      ; Incomplete set of assignments ;
; N[31]      ; Incomplete set of assignments ;
; N[127]     ; Incomplete set of assignments ;
; z[2]       ; Missing location assignment   ;
; z[3]       ; Missing location assignment   ;
; z[4]       ; Missing location assignment   ;
; z[5]       ; Missing location assignment   ;
; z[6]       ; Missing location assignment   ;
; z[7]       ; Missing location assignment   ;
; N[80]      ; Missing location assignment   ;
; N[72]      ; Missing location assignment   ;
; N[64]      ; Missing location assignment   ;
; N[88]      ; Missing location assignment   ;
; selecao[3] ; Missing location assignment   ;
; N[40]      ; Missing location assignment   ;
; N[48]      ; Missing location assignment   ;
; N[32]      ; Missing location assignment   ;
; N[56]      ; Missing location assignment   ;
; selecao[2] ; Missing location assignment   ;
; N[16]      ; Missing location assignment   ;
; N[8]       ; Missing location assignment   ;
; N[24]      ; Missing location assignment   ;
; N[104]     ; Missing location assignment   ;
; N[112]     ; Missing location assignment   ;
; N[96]      ; Missing location assignment   ;
; N[120]     ; Missing location assignment   ;
; N[49]      ; Missing location assignment   ;
; N[81]      ; Missing location assignment   ;
; N[17]      ; Missing location assignment   ;
; N[113]     ; Missing location assignment   ;
; N[73]      ; Missing location assignment   ;
; N[41]      ; Missing location assignment   ;
; N[9]       ; Missing location assignment   ;
; N[105]     ; Missing location assignment   ;
; N[33]      ; Missing location assignment   ;
; N[65]      ; Missing location assignment   ;
; N[97]      ; Missing location assignment   ;
; N[89]      ; Missing location assignment   ;
; N[57]      ; Missing location assignment   ;
; N[25]      ; Missing location assignment   ;
; N[121]     ; Missing location assignment   ;
; N[50]      ; Missing location assignment   ;
; N[42]      ; Missing location assignment   ;
; N[34]      ; Missing location assignment   ;
; N[58]      ; Missing location assignment   ;
; N[74]      ; Missing location assignment   ;
; N[82]      ; Missing location assignment   ;
; N[66]      ; Missing location assignment   ;
; N[90]      ; Missing location assignment   ;
; N[10]      ; Missing location assignment   ;
; N[18]      ; Missing location assignment   ;
; N[26]      ; Missing location assignment   ;
; N[114]     ; Missing location assignment   ;
; N[106]     ; Missing location assignment   ;
; N[98]      ; Missing location assignment   ;
; N[122]     ; Missing location assignment   ;
; N[43]      ; Missing location assignment   ;
; N[75]      ; Missing location assignment   ;
; N[11]      ; Missing location assignment   ;
; N[107]     ; Missing location assignment   ;
; N[83]      ; Missing location assignment   ;
; N[51]      ; Missing location assignment   ;
; N[19]      ; Missing location assignment   ;
; N[115]     ; Missing location assignment   ;
; N[67]      ; Missing location assignment   ;
; N[35]      ; Missing location assignment   ;
; N[99]      ; Missing location assignment   ;
; N[59]      ; Missing location assignment   ;
; N[91]      ; Missing location assignment   ;
; N[27]      ; Missing location assignment   ;
; N[123]     ; Missing location assignment   ;
; N[84]      ; Missing location assignment   ;
; N[76]      ; Missing location assignment   ;
; N[68]      ; Missing location assignment   ;
; N[92]      ; Missing location assignment   ;
; N[44]      ; Missing location assignment   ;
; N[52]      ; Missing location assignment   ;
; N[36]      ; Missing location assignment   ;
; N[60]      ; Missing location assignment   ;
; N[20]      ; Missing location assignment   ;
; N[12]      ; Missing location assignment   ;
; N[28]      ; Missing location assignment   ;
; N[108]     ; Missing location assignment   ;
; N[116]     ; Missing location assignment   ;
; N[100]     ; Missing location assignment   ;
; N[124]     ; Missing location assignment   ;
; N[53]      ; Missing location assignment   ;
; N[85]      ; Missing location assignment   ;
; N[21]      ; Missing location assignment   ;
; N[117]     ; Missing location assignment   ;
; N[77]      ; Missing location assignment   ;
; N[45]      ; Missing location assignment   ;
; N[13]      ; Missing location assignment   ;
; N[109]     ; Missing location assignment   ;
; N[37]      ; Missing location assignment   ;
; N[69]      ; Missing location assignment   ;
; N[101]     ; Missing location assignment   ;
; N[93]      ; Missing location assignment   ;
; N[61]      ; Missing location assignment   ;
; N[29]      ; Missing location assignment   ;
; N[125]     ; Missing location assignment   ;
; N[54]      ; Missing location assignment   ;
; N[46]      ; Missing location assignment   ;
; N[38]      ; Missing location assignment   ;
; N[62]      ; Missing location assignment   ;
; N[78]      ; Missing location assignment   ;
; N[86]      ; Missing location assignment   ;
; N[70]      ; Missing location assignment   ;
; N[94]      ; Missing location assignment   ;
; N[14]      ; Missing location assignment   ;
; N[22]      ; Missing location assignment   ;
; N[30]      ; Missing location assignment   ;
; N[118]     ; Missing location assignment   ;
; N[110]     ; Missing location assignment   ;
; N[102]     ; Missing location assignment   ;
; N[126]     ; Missing location assignment   ;
; N[47]      ; Missing location assignment   ;
; N[79]      ; Missing location assignment   ;
; N[15]      ; Missing location assignment   ;
; N[111]     ; Missing location assignment   ;
; N[87]      ; Missing location assignment   ;
; N[55]      ; Missing location assignment   ;
; N[23]      ; Missing location assignment   ;
; N[119]     ; Missing location assignment   ;
; N[71]      ; Missing location assignment   ;
; N[39]      ; Missing location assignment   ;
; N[103]     ; Missing location assignment   ;
; N[63]      ; Missing location assignment   ;
; N[95]      ; Missing location assignment   ;
; N[31]      ; Missing location assignment   ;
; N[127]     ; Missing location assignment   ;
+------------+-------------------------------+


+---------------------------------------------------------------------------------------------------------------------------------------------------------------------------------------------------------------------------------------------------------------------------------------------------------+
; Fitter Resource Utilization by Entity                                                                                                                                                                                                                                                                   ;
+----------------------------+-------------+---------------------------+---------------+-------------+------+------------+--------------+---------+-----------+------+--------------+--------------+-------------------+------------------+------------+---------------------+-------------+--------------+
; Compilation Hierarchy Node ; Logic Cells ; Dedicated Logic Registers ; I/O Registers ; Memory Bits ; M9Ks ; UFM Blocks ; DSP Elements ; DSP 9x9 ; DSP 18x18 ; Pins ; Virtual Pins ; LUT-Only LCs ; Register-Only LCs ; LUT/Register LCs ; ADC blocks ; Full Hierarchy Name ; Entity Name ; Library Name ;
+----------------------------+-------------+---------------------------+---------------+-------------+------+------------+--------------+---------+-----------+------+--------------+--------------+-------------------+------------------+------------+---------------------+-------------+--------------+
; |projeto                   ; 81 (81)     ; 0 (0)                     ; 0 (0)         ; 0           ; 0    ; 1          ; 0            ; 0       ; 0         ; 140  ; 0            ; 81 (81)      ; 0 (0)             ; 0 (0)            ; 0          ; |projeto            ; projeto     ; work         ;
+----------------------------+-------------+---------------------------+---------------+-------------+------+------------+--------------+---------+-----------+------+--------------+--------------+-------------------+------------------+------------+---------------------+-------------+--------------+
Note: For table entries with two numbers listed, the numbers in parentheses indicate the number of resources of the given type used by the specific entity alone. The numbers listed outside of parentheses indicate the total resources of the given type used by the specific entity and all of its sub-entities in the hierarchy.


+--------------------------------------------------------------------------------------------+
; Delay Chain Summary                                                                        ;
+------------+----------+---------------+---------------+-----------------------+-----+------+
; Name       ; Pin Type ; Pad to Core 0 ; Pad to Core 1 ; Pad to Input Register ; TCO ; TCOE ;
+------------+----------+---------------+---------------+-----------------------+-----+------+
; z[0]       ; Output   ; --            ; --            ; --                    ; --  ; --   ;
; z[1]       ; Output   ; --            ; --            ; --                    ; --  ; --   ;
; z[2]       ; Output   ; --            ; --            ; --                    ; --  ; --   ;
; z[3]       ; Output   ; --            ; --            ; --                    ; --  ; --   ;
; z[4]       ; Output   ; --            ; --            ; --                    ; --  ; --   ;
; z[5]       ; Output   ; --            ; --            ; --                    ; --  ; --   ;
; z[6]       ; Output   ; --            ; --            ; --                    ; --  ; --   ;
; z[7]       ; Output   ; --            ; --            ; --                    ; --  ; --   ;
; N[80]      ; Input    ; --            ; (6) 873 ps    ; --                    ; --  ; --   ;
; selecao[1] ; Input    ; --            ; (6) 868 ps    ; --                    ; --  ; --   ;
; N[72]      ; Input    ; --            ; (6) 868 ps    ; --                    ; --  ; --   ;
; selecao[0] ; Input    ; (6) 868 ps    ; --            ; --                    ; --  ; --   ;
; N[64]      ; Input    ; --            ; (6) 868 ps    ; --                    ; --  ; --   ;
; N[88]      ; Input    ; (6) 868 ps    ; --            ; --                    ; --  ; --   ;
; selecao[3] ; Input    ; (6) 868 ps    ; (6) 868 ps    ; --                    ; --  ; --   ;
; N[40]      ; Input    ; --            ; (6) 868 ps    ; --                    ; --  ; --   ;
; N[48]      ; Input    ; --            ; (6) 868 ps    ; --                    ; --  ; --   ;
; N[32]      ; Input    ; (6) 873 ps    ; --            ; --                    ; --  ; --   ;
; N[56]      ; Input    ; --            ; (6) 868 ps    ; --                    ; --  ; --   ;
; selecao[2] ; Input    ; (6) 868 ps    ; --            ; --                    ; --  ; --   ;
; N[16]      ; Input    ; --            ; (6) 868 ps    ; --                    ; --  ; --   ;
; N[8]       ; Input    ; (6) 868 ps    ; --            ; --                    ; --  ; --   ;
; N[0]       ; Input    ; (6) 868 ps    ; --            ; --                    ; --  ; --   ;
; N[24]      ; Input    ; --            ; (6) 873 ps    ; --                    ; --  ; --   ;
; N[104]     ; Input    ; --            ; (6) 868 ps    ; --                    ; --  ; --   ;
; N[112]     ; Input    ; --            ; (6) 868 ps    ; --                    ; --  ; --   ;
; N[96]      ; Input    ; (6) 868 ps    ; --            ; --                    ; --  ; --   ;
; N[120]     ; Input    ; (6) 868 ps    ; --            ; --                    ; --  ; --   ;
; N[49]      ; Input    ; --            ; (6) 868 ps    ; --                    ; --  ; --   ;
; N[81]      ; Input    ; --            ; (6) 868 ps    ; --                    ; --  ; --   ;
; N[17]      ; Input    ; (6) 868 ps    ; --            ; --                    ; --  ; --   ;
; N[113]     ; Input    ; (6) 868 ps    ; --            ; --                    ; --  ; --   ;
; N[73]      ; Input    ; (6) 868 ps    ; --            ; --                    ; --  ; --   ;
; N[41]      ; Input    ; (6) 868 ps    ; --            ; --                    ; --  ; --   ;
; N[9]       ; Input    ; (6) 868 ps    ; --            ; --                    ; --  ; --   ;
; N[105]     ; Input    ; --            ; (6) 868 ps    ; --                    ; --  ; --   ;
; N[33]      ; Input    ; (6) 873 ps    ; --            ; --                    ; --  ; --   ;
; N[65]      ; Input    ; --            ; (6) 868 ps    ; --                    ; --  ; --   ;
; N[1]       ; Input    ; (6) 868 ps    ; --            ; --                    ; --  ; --   ;
; N[97]      ; Input    ; (6) 868 ps    ; --            ; --                    ; --  ; --   ;
; N[89]      ; Input    ; (6) 868 ps    ; --            ; --                    ; --  ; --   ;
; N[57]      ; Input    ; --            ; (6) 868 ps    ; --                    ; --  ; --   ;
; N[25]      ; Input    ; (6) 868 ps    ; --            ; --                    ; --  ; --   ;
; N[121]     ; Input    ; (6) 868 ps    ; --            ; --                    ; --  ; --   ;
; N[50]      ; Input    ; (6) 868 ps    ; --            ; --                    ; --  ; --   ;
; N[42]      ; Input    ; --            ; (6) 868 ps    ; --                    ; --  ; --   ;
; N[34]      ; Input    ; (6) 868 ps    ; --            ; --                    ; --  ; --   ;
; N[58]      ; Input    ; (6) 868 ps    ; --            ; --                    ; --  ; --   ;
; N[74]      ; Input    ; --            ; (6) 868 ps    ; --                    ; --  ; --   ;
; N[82]      ; Input    ; --            ; (6) 868 ps    ; --                    ; --  ; --   ;
; N[66]      ; Input    ; --            ; (6) 868 ps    ; --                    ; --  ; --   ;
; N[90]      ; Input    ; (6) 868 ps    ; --            ; --                    ; --  ; --   ;
; N[10]      ; Input    ; --            ; (6) 868 ps    ; --                    ; --  ; --   ;
; N[18]      ; Input    ; --            ; (6) 868 ps    ; --                    ; --  ; --   ;
; N[2]       ; Input    ; (6) 868 ps    ; --            ; --                    ; --  ; --   ;
; N[26]      ; Input    ; --            ; (6) 868 ps    ; --                    ; --  ; --   ;
; N[114]     ; Input    ; --            ; (6) 868 ps    ; --                    ; --  ; --   ;
; N[106]     ; Input    ; --            ; (6) 868 ps    ; --                    ; --  ; --   ;
; N[98]      ; Input    ; --            ; (6) 868 ps    ; --                    ; --  ; --   ;
; N[122]     ; Input    ; (6) 868 ps    ; --            ; --                    ; --  ; --   ;
; N[43]      ; Input    ; (6) 868 ps    ; --            ; --                    ; --  ; --   ;
; N[75]      ; Input    ; (6) 868 ps    ; --            ; --                    ; --  ; --   ;
; N[11]      ; Input    ; (6) 868 ps    ; --            ; --                    ; --  ; --   ;
; N[107]     ; Input    ; (6) 868 ps    ; --            ; --                    ; --  ; --   ;
; N[83]      ; Input    ; (6) 868 ps    ; --            ; --                    ; --  ; --   ;
; N[51]      ; Input    ; (6) 868 ps    ; --            ; --                    ; --  ; --   ;
; N[19]      ; Input    ; --            ; (6) 868 ps    ; --                    ; --  ; --   ;
; N[115]     ; Input    ; --            ; (6) 868 ps    ; --                    ; --  ; --   ;
; N[67]      ; Input    ; --            ; (6) 868 ps    ; --                    ; --  ; --   ;
; N[35]      ; Input    ; (6) 868 ps    ; --            ; --                    ; --  ; --   ;
; N[3]       ; Input    ; (6) 868 ps    ; --            ; --                    ; --  ; --   ;
; N[99]      ; Input    ; (6) 868 ps    ; --            ; --                    ; --  ; --   ;
; N[59]      ; Input    ; --            ; (6) 873 ps    ; --                    ; --  ; --   ;
; N[91]      ; Input    ; --            ; (6) 873 ps    ; --                    ; --  ; --   ;
; N[27]      ; Input    ; (6) 873 ps    ; --            ; --                    ; --  ; --   ;
; N[123]     ; Input    ; --            ; (6) 873 ps    ; --                    ; --  ; --   ;
; N[84]      ; Input    ; (6) 868 ps    ; --            ; --                    ; --  ; --   ;
; N[76]      ; Input    ; (6) 868 ps    ; --            ; --                    ; --  ; --   ;
; N[68]      ; Input    ; (6) 868 ps    ; --            ; --                    ; --  ; --   ;
; N[92]      ; Input    ; (6) 868 ps    ; --            ; --                    ; --  ; --   ;
; N[44]      ; Input    ; --            ; (6) 868 ps    ; --                    ; --  ; --   ;
; N[52]      ; Input    ; --            ; (6) 868 ps    ; --                    ; --  ; --   ;
; N[36]      ; Input    ; (6) 868 ps    ; --            ; --                    ; --  ; --   ;
; N[60]      ; Input    ; --            ; (6) 868 ps    ; --                    ; --  ; --   ;
; N[20]      ; Input    ; (6) 868 ps    ; --            ; --                    ; --  ; --   ;
; N[12]      ; Input    ; (6) 868 ps    ; --            ; --                    ; --  ; --   ;
; N[4]       ; Input    ; (6) 868 ps    ; --            ; --                    ; --  ; --   ;
; N[28]      ; Input    ; --            ; (6) 868 ps    ; --                    ; --  ; --   ;
; N[108]     ; Input    ; --            ; (6) 868 ps    ; --                    ; --  ; --   ;
; N[116]     ; Input    ; (6) 868 ps    ; --            ; --                    ; --  ; --   ;
; N[100]     ; Input    ; --            ; (6) 868 ps    ; --                    ; --  ; --   ;
; N[124]     ; Input    ; (6) 868 ps    ; --            ; --                    ; --  ; --   ;
; N[53]      ; Input    ; --            ; (6) 873 ps    ; --                    ; --  ; --   ;
; N[85]      ; Input    ; --            ; (6) 873 ps    ; --                    ; --  ; --   ;
; N[21]      ; Input    ; (6) 873 ps    ; --            ; --                    ; --  ; --   ;
; N[117]     ; Input    ; --            ; (6) 873 ps    ; --                    ; --  ; --   ;
; N[77]      ; Input    ; (6) 868 ps    ; --            ; --                    ; --  ; --   ;
; N[45]      ; Input    ; --            ; (6) 868 ps    ; --                    ; --  ; --   ;
; N[13]      ; Input    ; --            ; (6) 868 ps    ; --                    ; --  ; --   ;
; N[109]     ; Input    ; --            ; (6) 868 ps    ; --                    ; --  ; --   ;
; N[37]      ; Input    ; (6) 873 ps    ; --            ; --                    ; --  ; --   ;
; N[69]      ; Input    ; (6) 873 ps    ; --            ; --                    ; --  ; --   ;
; N[5]       ; Input    ; --            ; (6) 868 ps    ; --                    ; --  ; --   ;
; N[101]     ; Input    ; (6) 873 ps    ; --            ; --                    ; --  ; --   ;
; N[93]      ; Input    ; --            ; (6) 868 ps    ; --                    ; --  ; --   ;
; N[61]      ; Input    ; --            ; (6) 868 ps    ; --                    ; --  ; --   ;
; N[29]      ; Input    ; (6) 868 ps    ; --            ; --                    ; --  ; --   ;
; N[125]     ; Input    ; (6) 868 ps    ; --            ; --                    ; --  ; --   ;
; N[54]      ; Input    ; (6) 873 ps    ; --            ; --                    ; --  ; --   ;
; N[46]      ; Input    ; --            ; (6) 873 ps    ; --                    ; --  ; --   ;
; N[38]      ; Input    ; (6) 873 ps    ; --            ; --                    ; --  ; --   ;
; N[62]      ; Input    ; (6) 873 ps    ; --            ; --                    ; --  ; --   ;
; N[78]      ; Input    ; --            ; (6) 873 ps    ; --                    ; --  ; --   ;
; N[86]      ; Input    ; --            ; (6) 873 ps    ; --                    ; --  ; --   ;
; N[70]      ; Input    ; --            ; (6) 873 ps    ; --                    ; --  ; --   ;
; N[94]      ; Input    ; (6) 873 ps    ; --            ; --                    ; --  ; --   ;
; N[14]      ; Input    ; --            ; (6) 873 ps    ; --                    ; --  ; --   ;
; N[22]      ; Input    ; (6) 873 ps    ; --            ; --                    ; --  ; --   ;
; N[6]       ; Input    ; (6) 868 ps    ; --            ; --                    ; --  ; --   ;
; N[30]      ; Input    ; --            ; (6) 873 ps    ; --                    ; --  ; --   ;
; N[118]     ; Input    ; (6) 873 ps    ; --            ; --                    ; --  ; --   ;
; N[110]     ; Input    ; --            ; (6) 873 ps    ; --                    ; --  ; --   ;
; N[102]     ; Input    ; (6) 873 ps    ; --            ; --                    ; --  ; --   ;
; N[126]     ; Input    ; (6) 873 ps    ; --            ; --                    ; --  ; --   ;
; N[47]      ; Input    ; --            ; (6) 868 ps    ; --                    ; --  ; --   ;
; N[79]      ; Input    ; --            ; (6) 868 ps    ; --                    ; --  ; --   ;
; N[15]      ; Input    ; --            ; (6) 868 ps    ; --                    ; --  ; --   ;
; N[111]     ; Input    ; --            ; (6) 868 ps    ; --                    ; --  ; --   ;
; N[87]      ; Input    ; --            ; (6) 868 ps    ; --                    ; --  ; --   ;
; N[55]      ; Input    ; --            ; (6) 868 ps    ; --                    ; --  ; --   ;
; N[23]      ; Input    ; (6) 868 ps    ; --            ; --                    ; --  ; --   ;
; N[119]     ; Input    ; --            ; (6) 868 ps    ; --                    ; --  ; --   ;
; N[71]      ; Input    ; --            ; (6) 868 ps    ; --                    ; --  ; --   ;
; N[39]      ; Input    ; --            ; (6) 868 ps    ; --                    ; --  ; --   ;
; N[7]       ; Input    ; --            ; (6) 868 ps    ; --                    ; --  ; --   ;
; N[103]     ; Input    ; (6) 868 ps    ; --            ; --                    ; --  ; --   ;
; N[63]      ; Input    ; --            ; (6) 868 ps    ; --                    ; --  ; --   ;
; N[95]      ; Input    ; (6) 868 ps    ; --            ; --                    ; --  ; --   ;
; N[31]      ; Input    ; (6) 868 ps    ; --            ; --                    ; --  ; --   ;
; N[127]     ; Input    ; --            ; (6) 868 ps    ; --                    ; --  ; --   ;
+------------+----------+---------------+---------------+-----------------------+-----+------+


+---------------------------------------------------+
; Pad To Core Delay Chain Fanout                    ;
+---------------------+-------------------+---------+
; Source Pin / Fanout ; Pad To Core Index ; Setting ;
+---------------------+-------------------+---------+
; N[80]               ;                   ;         ;
;      - Mux7~1       ; 1                 ; 6       ;
; selecao[1]          ;                   ;         ;
;      - Mux7~0       ; 1                 ; 6       ;
;      - Mux7~1       ; 1                 ; 6       ;
;      - Mux7~2       ; 1                 ; 6       ;
;      - Mux7~4       ; 1                 ; 6       ;
;      - Mux7~5       ; 1                 ; 6       ;
;      - Mux7~7       ; 1                 ; 6       ;
;      - Mux6~6       ; 1                 ; 6       ;
;      - Mux6~9       ; 1                 ; 6       ;
;      - Mux5~0       ; 1                 ; 6       ;
;      - Mux5~1       ; 1                 ; 6       ;
;      - Mux5~2       ; 1                 ; 6       ;
;      - Mux5~4       ; 1                 ; 6       ;
;      - Mux5~7       ; 1                 ; 6       ;
;      - Mux5~8       ; 1                 ; 6       ;
;      - Mux4~6       ; 1                 ; 6       ;
;      - Mux3~0       ; 1                 ; 6       ;
;      - Mux3~1       ; 1                 ; 6       ;
;      - Mux3~2       ; 1                 ; 6       ;
;      - Mux3~4       ; 1                 ; 6       ;
;      - Mux3~5       ; 1                 ; 6       ;
;      - Mux3~7       ; 1                 ; 6       ;
;      - Mux2~6       ; 1                 ; 6       ;
;      - Mux2~9       ; 1                 ; 6       ;
;      - Mux1~0       ; 1                 ; 6       ;
;      - Mux1~1       ; 1                 ; 6       ;
;      - Mux1~2       ; 1                 ; 6       ;
;      - Mux1~4       ; 1                 ; 6       ;
;      - Mux1~7       ; 1                 ; 6       ;
;      - Mux1~8       ; 1                 ; 6       ;
;      - Mux0~6       ; 1                 ; 6       ;
; N[72]               ;                   ;         ;
;      - Mux7~0       ; 1                 ; 6       ;
; selecao[0]          ;                   ;         ;
;      - Mux7~0       ; 0                 ; 6       ;
;      - Mux7~2       ; 0                 ; 6       ;
;      - Mux7~3       ; 0                 ; 6       ;
;      - Mux7~4       ; 0                 ; 6       ;
;      - Mux7~7       ; 0                 ; 6       ;
;      - Mux7~8       ; 0                 ; 6       ;
;      - Mux6~6       ; 0                 ; 6       ;
;      - Mux5~0       ; 0                 ; 6       ;
;      - Mux5~2       ; 0                 ; 6       ;
;      - Mux5~3       ; 0                 ; 6       ;
;      - Mux5~4       ; 0                 ; 6       ;
;      - Mux5~5       ; 0                 ; 6       ;
;      - Mux5~7       ; 0                 ; 6       ;
;      - Mux4~6       ; 0                 ; 6       ;
;      - Mux4~9       ; 0                 ; 6       ;
;      - Mux3~0       ; 0                 ; 6       ;
;      - Mux3~2       ; 0                 ; 6       ;
;      - Mux3~3       ; 0                 ; 6       ;
;      - Mux3~4       ; 0                 ; 6       ;
;      - Mux3~7       ; 0                 ; 6       ;
;      - Mux3~8       ; 0                 ; 6       ;
;      - Mux2~6       ; 0                 ; 6       ;
;      - Mux1~0       ; 0                 ; 6       ;
;      - Mux1~2       ; 0                 ; 6       ;
;      - Mux1~3       ; 0                 ; 6       ;
;      - Mux1~4       ; 0                 ; 6       ;
;      - Mux1~5       ; 0                 ; 6       ;
;      - Mux1~7       ; 0                 ; 6       ;
;      - Mux0~6       ; 0                 ; 6       ;
;      - Mux0~9       ; 0                 ; 6       ;
; N[64]               ;                   ;         ;
;      - Mux7~0       ; 1                 ; 6       ;
; N[88]               ;                   ;         ;
;      - Mux7~1       ; 0                 ; 6       ;
; selecao[3]          ;                   ;         ;
;      - Mux7~6       ; 0                 ; 6       ;
;      - Mux7~9       ; 0                 ; 6       ;
;      - Mux6~0       ; 0                 ; 6       ;
;      - Mux6~2       ; 0                 ; 6       ;
;      - Mux6~3       ; 0                 ; 6       ;
;      - Mux6~4       ; 0                 ; 6       ;
;      - Mux6~7       ; 0                 ; 6       ;
;      - Mux6~8       ; 0                 ; 6       ;
;      - Mux5~6       ; 0                 ; 6       ;
;      - Mux4~0       ; 0                 ; 6       ;
;      - Mux4~2       ; 0                 ; 6       ;
;      - Mux4~3       ; 0                 ; 6       ;
;      - Mux4~4       ; 0                 ; 6       ;
;      - Mux4~5       ; 0                 ; 6       ;
;      - Mux4~7       ; 1                 ; 6       ;
;      - Mux3~6       ; 1                 ; 6       ;
;      - Mux3~9       ; 1                 ; 6       ;
;      - Mux2~0       ; 1                 ; 6       ;
;      - Mux2~2       ; 1                 ; 6       ;
;      - Mux2~3       ; 1                 ; 6       ;
;      - Mux2~4       ; 1                 ; 6       ;
;      - Mux2~7       ; 1                 ; 6       ;
;      - Mux2~8       ; 1                 ; 6       ;
;      - Mux1~6       ; 1                 ; 6       ;
;      - Mux0~0       ; 0                 ; 6       ;
;      - Mux0~2       ; 0                 ; 6       ;
;      - Mux0~3       ; 0                 ; 6       ;
;      - Mux0~4       ; 0                 ; 6       ;
;      - Mux0~5       ; 0                 ; 6       ;
;      - Mux0~7       ; 0                 ; 6       ;
; N[40]               ;                   ;         ;
;      - Mux7~3       ; 1                 ; 6       ;
; N[48]               ;                   ;         ;
;      - Mux7~2       ; 1                 ; 6       ;
; N[32]               ;                   ;         ;
;      - Mux7~2       ; 0                 ; 6       ;
; N[56]               ;                   ;         ;
;      - Mux7~3       ; 1                 ; 6       ;
; selecao[2]          ;                   ;         ;
;      - Mux7~6       ; 0                 ; 6       ;
;      - Mux6~0       ; 0                 ; 6       ;
;      - Mux6~1       ; 0                 ; 6       ;
;      - Mux6~2       ; 0                 ; 6       ;
;      - Mux6~4       ; 0                 ; 6       ;
;      - Mux6~5       ; 0                 ; 6       ;
;      - Mux6~7       ; 0                 ; 6       ;
;      - Mux5~6       ; 0                 ; 6       ;
;      - Mux5~9       ; 0                 ; 6       ;
;      - Mux4~0       ; 0                 ; 6       ;
;      - Mux4~1       ; 0                 ; 6       ;
;      - Mux4~2       ; 0                 ; 6       ;
;      - Mux4~4       ; 0                 ; 6       ;
;      - Mux4~7       ; 0                 ; 6       ;
;      - Mux4~8       ; 0                 ; 6       ;
;      - Mux3~6       ; 0                 ; 6       ;
;      - Mux2~0       ; 0                 ; 6       ;
;      - Mux2~1       ; 0                 ; 6       ;
;      - Mux2~2       ; 0                 ; 6       ;
;      - Mux2~4       ; 0                 ; 6       ;
;      - Mux2~5       ; 0                 ; 6       ;
;      - Mux2~7       ; 0                 ; 6       ;
;      - Mux1~6       ; 0                 ; 6       ;
;      - Mux1~9       ; 0                 ; 6       ;
;      - Mux0~0       ; 0                 ; 6       ;
;      - Mux0~1       ; 0                 ; 6       ;
;      - Mux0~2       ; 0                 ; 6       ;
;      - Mux0~4       ; 0                 ; 6       ;
;      - Mux0~7       ; 0                 ; 6       ;
;      - Mux0~8       ; 0                 ; 6       ;
; N[16]               ;                   ;         ;
;      - Mux7~5       ; 1                 ; 6       ;
; N[8]                ;                   ;         ;
;      - Mux7~4       ; 0                 ; 6       ;
; N[0]                ;                   ;         ;
;      - Mux7~4       ; 0                 ; 6       ;
; N[24]               ;                   ;         ;
;      - Mux7~5       ; 1                 ; 6       ;
; N[104]              ;                   ;         ;
;      - Mux7~8       ; 1                 ; 6       ;
; N[112]              ;                   ;         ;
;      - Mux7~7       ; 1                 ; 6       ;
; N[96]               ;                   ;         ;
;      - Mux7~7       ; 0                 ; 6       ;
; N[120]              ;                   ;         ;
;      - Mux7~8       ; 0                 ; 6       ;
; N[49]               ;                   ;         ;
;      - Mux6~1       ; 1                 ; 6       ;
; N[81]               ;                   ;         ;
;      - Mux6~0       ; 1                 ; 6       ;
; N[17]               ;                   ;         ;
;      - Mux6~0       ; 0                 ; 6       ;
; N[113]              ;                   ;         ;
;      - Mux6~1       ; 0                 ; 6       ;
; N[73]               ;                   ;         ;
;      - Mux6~3       ; 0                 ; 6       ;
; N[41]               ;                   ;         ;
;      - Mux6~2       ; 0                 ; 6       ;
; N[9]                ;                   ;         ;
;      - Mux6~2       ; 0                 ; 6       ;
; N[105]              ;                   ;         ;
;      - Mux6~3       ; 1                 ; 6       ;
; N[33]               ;                   ;         ;
;      - Mux6~5       ; 0                 ; 6       ;
; N[65]               ;                   ;         ;
;      - Mux6~4       ; 1                 ; 6       ;
; N[1]                ;                   ;         ;
;      - Mux6~4       ; 0                 ; 6       ;
; N[97]               ;                   ;         ;
;      - Mux6~5       ; 0                 ; 6       ;
; N[89]               ;                   ;         ;
;      - Mux6~8       ; 0                 ; 6       ;
; N[57]               ;                   ;         ;
;      - Mux6~7       ; 1                 ; 6       ;
; N[25]               ;                   ;         ;
;      - Mux6~7       ; 0                 ; 6       ;
; N[121]              ;                   ;         ;
;      - Mux6~8       ; 0                 ; 6       ;
; N[50]               ;                   ;         ;
;      - Mux5~1       ; 0                 ; 6       ;
; N[42]               ;                   ;         ;
;      - Mux5~0       ; 1                 ; 6       ;
; N[34]               ;                   ;         ;
;      - Mux5~0       ; 0                 ; 6       ;
; N[58]               ;                   ;         ;
;      - Mux5~1       ; 0                 ; 6       ;
; N[74]               ;                   ;         ;
;      - Mux5~3       ; 1                 ; 6       ;
; N[82]               ;                   ;         ;
;      - Mux5~2       ; 1                 ; 6       ;
; N[66]               ;                   ;         ;
;      - Mux5~2       ; 1                 ; 6       ;
; N[90]               ;                   ;         ;
;      - Mux5~3       ; 0                 ; 6       ;
; N[10]               ;                   ;         ;
;      - Mux5~5       ; 1                 ; 6       ;
; N[18]               ;                   ;         ;
;      - Mux5~4       ; 1                 ; 6       ;
; N[2]                ;                   ;         ;
;      - Mux5~4       ; 0                 ; 6       ;
; N[26]               ;                   ;         ;
;      - Mux5~5       ; 1                 ; 6       ;
; N[114]              ;                   ;         ;
;      - Mux5~8       ; 1                 ; 6       ;
; N[106]              ;                   ;         ;
;      - Mux5~7       ; 1                 ; 6       ;
; N[98]               ;                   ;         ;
;      - Mux5~7       ; 1                 ; 6       ;
; N[122]              ;                   ;         ;
;      - Mux5~8       ; 0                 ; 6       ;
; N[43]               ;                   ;         ;
;      - Mux4~1       ; 0                 ; 6       ;
; N[75]               ;                   ;         ;
;      - Mux4~0       ; 0                 ; 6       ;
; N[11]               ;                   ;         ;
;      - Mux4~0       ; 0                 ; 6       ;
; N[107]              ;                   ;         ;
;      - Mux4~1       ; 0                 ; 6       ;
; N[83]               ;                   ;         ;
;      - Mux4~3       ; 0                 ; 6       ;
; N[51]               ;                   ;         ;
;      - Mux4~2       ; 0                 ; 6       ;
; N[19]               ;                   ;         ;
;      - Mux4~2       ; 1                 ; 6       ;
; N[115]              ;                   ;         ;
;      - Mux4~3       ; 1                 ; 6       ;
; N[67]               ;                   ;         ;
;      - Mux4~5       ; 1                 ; 6       ;
; N[35]               ;                   ;         ;
;      - Mux4~4       ; 0                 ; 6       ;
; N[3]                ;                   ;         ;
;      - Mux4~4       ; 0                 ; 6       ;
; N[99]               ;                   ;         ;
;      - Mux4~5       ; 0                 ; 6       ;
; N[59]               ;                   ;         ;
;      - Mux4~8       ; 1                 ; 6       ;
; N[91]               ;                   ;         ;
;      - Mux4~7       ; 1                 ; 6       ;
; N[27]               ;                   ;         ;
;      - Mux4~7       ; 0                 ; 6       ;
; N[123]              ;                   ;         ;
;      - Mux4~8       ; 1                 ; 6       ;
; N[84]               ;                   ;         ;
;      - Mux3~1       ; 0                 ; 6       ;
; N[76]               ;                   ;         ;
;      - Mux3~0       ; 0                 ; 6       ;
; N[68]               ;                   ;         ;
;      - Mux3~0       ; 0                 ; 6       ;
; N[92]               ;                   ;         ;
;      - Mux3~1       ; 0                 ; 6       ;
; N[44]               ;                   ;         ;
;      - Mux3~3       ; 1                 ; 6       ;
; N[52]               ;                   ;         ;
;      - Mux3~2       ; 1                 ; 6       ;
; N[36]               ;                   ;         ;
;      - Mux3~2       ; 0                 ; 6       ;
; N[60]               ;                   ;         ;
;      - Mux3~3       ; 1                 ; 6       ;
; N[20]               ;                   ;         ;
;      - Mux3~5       ; 0                 ; 6       ;
; N[12]               ;                   ;         ;
;      - Mux3~4       ; 0                 ; 6       ;
; N[4]                ;                   ;         ;
;      - Mux3~4       ; 0                 ; 6       ;
; N[28]               ;                   ;         ;
;      - Mux3~5       ; 1                 ; 6       ;
; N[108]              ;                   ;         ;
;      - Mux3~8       ; 1                 ; 6       ;
; N[116]              ;                   ;         ;
;      - Mux3~7       ; 0                 ; 6       ;
; N[100]              ;                   ;         ;
;      - Mux3~7       ; 1                 ; 6       ;
; N[124]              ;                   ;         ;
;      - Mux3~8       ; 0                 ; 6       ;
; N[53]               ;                   ;         ;
;      - Mux2~1       ; 1                 ; 6       ;
; N[85]               ;                   ;         ;
;      - Mux2~0       ; 1                 ; 6       ;
; N[21]               ;                   ;         ;
;      - Mux2~0       ; 0                 ; 6       ;
; N[117]              ;                   ;         ;
;      - Mux2~1       ; 1                 ; 6       ;
; N[77]               ;                   ;         ;
;      - Mux2~3       ; 0                 ; 6       ;
; N[45]               ;                   ;         ;
;      - Mux2~2       ; 1                 ; 6       ;
; N[13]               ;                   ;         ;
;      - Mux2~2       ; 1                 ; 6       ;
; N[109]              ;                   ;         ;
;      - Mux2~3       ; 1                 ; 6       ;
; N[37]               ;                   ;         ;
;      - Mux2~5       ; 0                 ; 6       ;
; N[69]               ;                   ;         ;
;      - Mux2~4       ; 0                 ; 6       ;
; N[5]                ;                   ;         ;
;      - Mux2~4       ; 1                 ; 6       ;
; N[101]              ;                   ;         ;
;      - Mux2~5       ; 0                 ; 6       ;
; N[93]               ;                   ;         ;
;      - Mux2~8       ; 1                 ; 6       ;
; N[61]               ;                   ;         ;
;      - Mux2~7       ; 1                 ; 6       ;
; N[29]               ;                   ;         ;
;      - Mux2~7       ; 0                 ; 6       ;
; N[125]              ;                   ;         ;
;      - Mux2~8       ; 0                 ; 6       ;
; N[54]               ;                   ;         ;
;      - Mux1~1       ; 0                 ; 6       ;
; N[46]               ;                   ;         ;
;      - Mux1~0       ; 1                 ; 6       ;
; N[38]               ;                   ;         ;
;      - Mux1~0       ; 0                 ; 6       ;
; N[62]               ;                   ;         ;
;      - Mux1~1       ; 0                 ; 6       ;
; N[78]               ;                   ;         ;
;      - Mux1~3       ; 1                 ; 6       ;
; N[86]               ;                   ;         ;
;      - Mux1~2       ; 1                 ; 6       ;
; N[70]               ;                   ;         ;
;      - Mux1~2       ; 1                 ; 6       ;
; N[94]               ;                   ;         ;
;      - Mux1~3       ; 0                 ; 6       ;
; N[14]               ;                   ;         ;
;      - Mux1~5       ; 1                 ; 6       ;
; N[22]               ;                   ;         ;
;      - Mux1~4       ; 0                 ; 6       ;
; N[6]                ;                   ;         ;
;      - Mux1~4       ; 0                 ; 6       ;
; N[30]               ;                   ;         ;
;      - Mux1~5       ; 1                 ; 6       ;
; N[118]              ;                   ;         ;
;      - Mux1~8       ; 0                 ; 6       ;
; N[110]              ;                   ;         ;
;      - Mux1~7       ; 1                 ; 6       ;
; N[102]              ;                   ;         ;
;      - Mux1~7       ; 0                 ; 6       ;
; N[126]              ;                   ;         ;
;      - Mux1~8       ; 0                 ; 6       ;
; N[47]               ;                   ;         ;
;      - Mux0~1       ; 1                 ; 6       ;
; N[79]               ;                   ;         ;
;      - Mux0~0       ; 1                 ; 6       ;
; N[15]               ;                   ;         ;
;      - Mux0~0       ; 1                 ; 6       ;
; N[111]              ;                   ;         ;
;      - Mux0~1       ; 1                 ; 6       ;
; N[87]               ;                   ;         ;
;      - Mux0~3       ; 1                 ; 6       ;
; N[55]               ;                   ;         ;
;      - Mux0~2       ; 1                 ; 6       ;
; N[23]               ;                   ;         ;
;      - Mux0~2       ; 0                 ; 6       ;
; N[119]              ;                   ;         ;
;      - Mux0~3       ; 1                 ; 6       ;
; N[71]               ;                   ;         ;
;      - Mux0~5       ; 1                 ; 6       ;
; N[39]               ;                   ;         ;
;      - Mux0~4       ; 1                 ; 6       ;
; N[7]                ;                   ;         ;
;      - Mux0~4       ; 1                 ; 6       ;
; N[103]              ;                   ;         ;
;      - Mux0~5       ; 0                 ; 6       ;
; N[63]               ;                   ;         ;
;      - Mux0~8       ; 1                 ; 6       ;
; N[95]               ;                   ;         ;
;      - Mux0~7       ; 0                 ; 6       ;
; N[31]               ;                   ;         ;
;      - Mux0~7       ; 0                 ; 6       ;
; N[127]              ;                   ;         ;
;      - Mux0~8       ; 1                 ; 6       ;
+---------------------+-------------------+---------+


+-------------------------------------------------+
; Routing Usage Summary                           ;
+-----------------------+-------------------------+
; Routing Resource Type ; Usage                   ;
+-----------------------+-------------------------+
; Block interconnects   ; 170 / 148,641 ( < 1 % ) ;
; C16 interconnects     ; 50 / 5,382 ( < 1 % )    ;
; C4 interconnects      ; 181 / 106,704 ( < 1 % ) ;
; Direct links          ; 1 / 148,641 ( < 1 % )   ;
; Global clocks         ; 0 / 20 ( 0 % )          ;
; Local interconnects   ; 62 / 49,760 ( < 1 % )   ;
; NSLEEPs               ; 0 / 500 ( 0 % )         ;
; R24 interconnects     ; 34 / 5,406 ( < 1 % )    ;
; R4 interconnects      ; 160 / 147,764 ( < 1 % ) ;
+-----------------------+-------------------------+


+---------------------------------------------------------------------------+
; LAB Logic Elements                                                        ;
+---------------------------------------------+-----------------------------+
; Number of Logic Elements  (Average = 13.50) ; Number of LABs  (Total = 6) ;
+---------------------------------------------+-----------------------------+
; 1                                           ; 1                           ;
; 2                                           ; 0                           ;
; 3                                           ; 0                           ;
; 4                                           ; 0                           ;
; 5                                           ; 0                           ;
; 6                                           ; 0                           ;
; 7                                           ; 0                           ;
; 8                                           ; 0                           ;
; 9                                           ; 0                           ;
; 10                                          ; 0                           ;
; 11                                          ; 0                           ;
; 12                                          ; 0                           ;
; 13                                          ; 0                           ;
; 14                                          ; 0                           ;
; 15                                          ; 0                           ;
; 16                                          ; 5                           ;
+---------------------------------------------+-----------------------------+


+----------------------------------------------------------------------------+
; LAB Signals Sourced                                                        ;
+----------------------------------------------+-----------------------------+
; Number of Signals Sourced  (Average = 13.50) ; Number of LABs  (Total = 6) ;
+----------------------------------------------+-----------------------------+
; 0                                            ; 0                           ;
; 1                                            ; 1                           ;
; 2                                            ; 0                           ;
; 3                                            ; 0                           ;
; 4                                            ; 0                           ;
; 5                                            ; 0                           ;
; 6                                            ; 0                           ;
; 7                                            ; 0                           ;
; 8                                            ; 0                           ;
; 9                                            ; 0                           ;
; 10                                           ; 0                           ;
; 11                                           ; 0                           ;
; 12                                           ; 0                           ;
; 13                                           ; 0                           ;
; 14                                           ; 0                           ;
; 15                                           ; 0                           ;
; 16                                           ; 5                           ;
+----------------------------------------------+-----------------------------+


+-------------------------------------------------------------------------------+
; LAB Signals Sourced Out                                                       ;
+-------------------------------------------------+-----------------------------+
; Number of Signals Sourced Out  (Average = 2.50) ; Number of LABs  (Total = 6) ;
+-------------------------------------------------+-----------------------------+
; 0                                               ; 0                           ;
; 1                                               ; 1                           ;
; 2                                               ; 2                           ;
; 3                                               ; 2                           ;
; 4                                               ; 1                           ;
+-------------------------------------------------+-----------------------------+


+----------------------------------------------------------------------------+
; LAB Distinct Inputs                                                        ;
+----------------------------------------------+-----------------------------+
; Number of Distinct Inputs  (Average = 25.67) ; Number of LABs  (Total = 6) ;
+----------------------------------------------+-----------------------------+
; 0                                            ; 0                           ;
; 1                                            ; 0                           ;
; 2                                            ; 0                           ;
; 3                                            ; 0                           ;
; 4                                            ; 0                           ;
; 5                                            ; 0                           ;
; 6                                            ; 0                           ;
; 7                                            ; 0                           ;
; 8                                            ; 0                           ;
; 9                                            ; 0                           ;
; 10                                           ; 0                           ;
; 11                                           ; 0                           ;
; 12                                           ; 0                           ;
; 13                                           ; 0                           ;
; 14                                           ; 0                           ;
; 15                                           ; 0                           ;
; 16                                           ; 0                           ;
; 17                                           ; 0                           ;
; 18                                           ; 0                           ;
; 19                                           ; 0                           ;
; 20                                           ; 0                           ;
; 21                                           ; 0                           ;
; 22                                           ; 0                           ;
; 23                                           ; 0                           ;
; 24                                           ; 0                           ;
; 25                                           ; 0                           ;
; 26                                           ; 0                           ;
; 27                                           ; 0                           ;
; 28                                           ; 0                           ;
; 29                                           ; 0                           ;
; 30                                           ; 2                           ;
; 31                                           ; 2                           ;
; 32                                           ; 1                           ;
+----------------------------------------------+-----------------------------+


+------------------------------------------+
; I/O Rules Summary                        ;
+----------------------------------+-------+
; I/O Rules Statistic              ; Total ;
+----------------------------------+-------+
; Total I/O Rules                  ; 30    ;
; Number of I/O Rules Passed       ; 12    ;
; Number of I/O Rules Failed       ; 0     ;
; Number of I/O Rules Unchecked    ; 0     ;
; Number of I/O Rules Inapplicable ; 18    ;
+----------------------------------+-------+


+-----------------------------------------------------------------------------------------------------------------------------------------------------------------------------------------------------------------------------------------------------------------------------------------------------+
; I/O Rules Details                                                                                                                                                                                                                                                                                   ;
+--------------+-----------+-----------------------------------+------------------------------------------------------------------------------------------------------+----------+--------------------------------------------------------------------------+---------------------+-------------------+
; Status       ; ID        ; Category                          ; Rule Description                                                                                     ; Severity ; Information                                                              ; Area                ; Extra Information ;
+--------------+-----------+-----------------------------------+------------------------------------------------------------------------------------------------------+----------+--------------------------------------------------------------------------+---------------------+-------------------+
; Pass         ; IO_000001 ; Capacity Checks                   ; Number of pins in an I/O bank should not exceed the number of locations available.                   ; Critical ; 0 such failures found.                                                   ; I/O                 ;                   ;
; Inapplicable ; IO_000002 ; Capacity Checks                   ; Number of clocks in an I/O bank should not exceed the number of clocks available.                    ; Critical ; No Global Signal assignments found.                                      ; I/O                 ;                   ;
; Pass         ; IO_000003 ; Capacity Checks                   ; Number of pins in a Vrefgroup should not exceed the number of locations available.                   ; Critical ; 0 such failures found.                                                   ; I/O                 ;                   ;
; Inapplicable ; IO_000004 ; Voltage Compatibility Checks      ; The I/O bank should support the requested VCCIO.                                                     ; Critical ; No IOBANK_VCCIO assignments found.                                       ; I/O                 ;                   ;
; Inapplicable ; IO_000005 ; Voltage Compatibility Checks      ; The I/O bank should not have competing VREF values.                                                  ; Critical ; No VREF I/O Standard assignments found.                                  ; I/O                 ;                   ;
; Pass         ; IO_000006 ; Voltage Compatibility Checks      ; The I/O bank should not have competing VCCIO values.                                                 ; Critical ; 0 such failures found.                                                   ; I/O                 ;                   ;
; Pass         ; IO_000007 ; Valid Location Checks             ; Checks for unavailable locations.                                                                    ; Critical ; 0 such failures found.                                                   ; I/O                 ;                   ;
; Inapplicable ; IO_000008 ; Valid Location Checks             ; Checks for reserved locations.                                                                       ; Critical ; No reserved LogicLock region found.                                      ; I/O                 ;                   ;
; Pass         ; IO_000009 ; I/O Properties Checks for One I/O ; The location should support the requested I/O standard.                                              ; Critical ; 0 such failures found.                                                   ; I/O                 ;                   ;
; Pass         ; IO_000010 ; I/O Properties Checks for One I/O ; The location should support the requested I/O direction.                                             ; Critical ; 0 such failures found.                                                   ; I/O                 ;                   ;
; Inapplicable ; IO_000011 ; I/O Properties Checks for One I/O ; The location should support the requested Current Strength.                                          ; Critical ; No Current Strength assignments found.                                   ; I/O                 ;                   ;
; Pass         ; IO_000012 ; I/O Properties Checks for One I/O ; The location should support the requested On Chip Termination value.                                 ; Critical ; 0 such failures found.                                                   ; I/O                 ;                   ;
; Inapplicable ; IO_000013 ; I/O Properties Checks for One I/O ; The location should support the requested Bus Hold value.                                            ; Critical ; No Enable Bus-Hold Circuitry assignments found.                          ; I/O                 ;                   ;
; Inapplicable ; IO_000014 ; I/O Properties Checks for One I/O ; The location should support the requested Weak Pull Up value.                                        ; Critical ; No Weak Pull-Up Resistor assignments found.                              ; I/O                 ;                   ;
; Pass         ; IO_000015 ; I/O Properties Checks for One I/O ; The location should support the requested PCI Clamp Diode.                                           ; Critical ; 0 such failures found.                                                   ; I/O                 ;                   ;
; Inapplicable ; IO_000018 ; I/O Properties Checks for One I/O ; The I/O standard should support the requested Current Strength.                                      ; Critical ; No Current Strength assignments found.                                   ; I/O                 ;                   ;
; Pass         ; IO_000019 ; I/O Properties Checks for One I/O ; The I/O standard should support the requested On Chip Termination value.                             ; Critical ; 0 such failures found.                                                   ; I/O                 ;                   ;
; Pass         ; IO_000020 ; I/O Properties Checks for One I/O ; The I/O standard should support the requested PCI Clamp Diode.                                       ; Critical ; 0 such failures found.                                                   ; I/O                 ;                   ;
; Inapplicable ; IO_000021 ; I/O Properties Checks for One I/O ; The I/O standard should support the requested Weak Pull Up value.                                    ; Critical ; No Weak Pull-Up Resistor assignments found.                              ; I/O                 ;                   ;
; Inapplicable ; IO_000022 ; I/O Properties Checks for One I/O ; The I/O standard should support the requested Bus Hold value.                                        ; Critical ; No Enable Bus-Hold Circuitry assignments found.                          ; I/O                 ;                   ;
; Inapplicable ; IO_000023 ; I/O Properties Checks for One I/O ; The I/O standard should support the Open Drain value.                                                ; Critical ; No open drain assignments found.                                         ; I/O                 ;                   ;
; Pass         ; IO_000024 ; I/O Properties Checks for One I/O ; The I/O direction should support the On Chip Termination value.                                      ; Critical ; 0 such failures found.                                                   ; I/O                 ;                   ;
; Inapplicable ; IO_000026 ; I/O Properties Checks for One I/O ; On Chip Termination and Current Strength should not be used at the same time.                        ; Critical ; No Current Strength assignments found.                                   ; I/O                 ;                   ;
; Inapplicable ; IO_000027 ; I/O Properties Checks for One I/O ; Weak Pull Up and Bus Hold should not be used at the same time.                                       ; Critical ; No Enable Bus-Hold Circuitry or Weak Pull-Up Resistor assignments found. ; I/O                 ;                   ;
; Inapplicable ; IO_000045 ; I/O Properties Checks for One I/O ; The I/O standard should support the requested Slew Rate value.                                       ; Critical ; No Slew Rate assignments found.                                          ; I/O                 ;                   ;
; Inapplicable ; IO_000046 ; I/O Properties Checks for One I/O ; The location should support the requested Slew Rate value.                                           ; Critical ; No Slew Rate assignments found.                                          ; I/O                 ;                   ;
; Inapplicable ; IO_000047 ; I/O Properties Checks for One I/O ; On Chip Termination and Slew Rate should not be used at the same time.                               ; Critical ; No Slew Rate assignments found.                                          ; I/O                 ;                   ;
; Pass         ; IO_000033 ; Electromigration Checks           ; Current density for consecutive I/Os should not exceed 160mA for row I/Os and 160mA for column I/Os. ; Critical ; 0 such failures found.                                                   ; I/O                 ;                   ;
; Inapplicable ; IO_000034 ; SI Related Distance Checks        ; Single-ended outputs should be 5 LAB row(s) away from a differential I/O.                            ; High     ; No Differential I/O Standard assignments found.                          ; I/O                 ;                   ;
; Inapplicable ; IO_000042 ; SI Related SSO Limit Checks       ; No more than 20 outputs are allowed in a VREF group when VREF is being read from.                    ; High     ; No VREF I/O Standard assignments found.                                  ; I/O                 ;                   ;
; ----         ; ----      ; Disclaimer                        ; OCT rules are checked but not reported.                                                              ; None     ; ----                                                                     ; On Chip Termination ;                   ;
+--------------+-----------+-----------------------------------+------------------------------------------------------------------------------------------------------+----------+--------------------------------------------------------------------------+---------------------+-------------------+


+--------------------------------------------------------------------------------------------------------------------------------------------------------------------------------------------------------------------------------------------------------------------------------------------------------------------------------------------------------------------------------------------------------------------------------------------------------------------------+
; I/O Rules Matrix                                                                                                                                                                                                                                                                                                                                                                                                                                                         ;
+--------------------+--------------+--------------+--------------+--------------+--------------+-----------+--------------+--------------+-----------+-----------+--------------+--------------+--------------+--------------+--------------+--------------+--------------+--------------+--------------+--------------+--------------+--------------+--------------+--------------+--------------+--------------+--------------+-----------+--------------+--------------+
; Pin/Rules          ; IO_000001    ; IO_000002    ; IO_000003    ; IO_000004    ; IO_000005    ; IO_000006 ; IO_000007    ; IO_000008    ; IO_000009 ; IO_000010 ; IO_000011    ; IO_000012    ; IO_000013    ; IO_000014    ; IO_000015    ; IO_000018    ; IO_000019    ; IO_000020    ; IO_000021    ; IO_000022    ; IO_000023    ; IO_000024    ; IO_000026    ; IO_000027    ; IO_000045    ; IO_000046    ; IO_000047    ; IO_000033 ; IO_000034    ; IO_000042    ;
+--------------------+--------------+--------------+--------------+--------------+--------------+-----------+--------------+--------------+-----------+-----------+--------------+--------------+--------------+--------------+--------------+--------------+--------------+--------------+--------------+--------------+--------------+--------------+--------------+--------------+--------------+--------------+--------------+-----------+--------------+--------------+
; Total Pass         ; 12           ; 0            ; 12           ; 0            ; 0            ; 140       ; 12           ; 0            ; 140       ; 140       ; 0            ; 8            ; 0            ; 0            ; 132          ; 0            ; 8            ; 132          ; 0            ; 0            ; 0            ; 8            ; 0            ; 0            ; 0            ; 0            ; 0            ; 140       ; 0            ; 0            ;
; Total Unchecked    ; 0            ; 0            ; 0            ; 0            ; 0            ; 0         ; 0            ; 0            ; 0         ; 0         ; 0            ; 0            ; 0            ; 0            ; 0            ; 0            ; 0            ; 0            ; 0            ; 0            ; 0            ; 0            ; 0            ; 0            ; 0            ; 0            ; 0            ; 0         ; 0            ; 0            ;
; Total Inapplicable ; 128          ; 140          ; 128          ; 140          ; 140          ; 0         ; 128          ; 140          ; 0         ; 0         ; 140          ; 132          ; 140          ; 140          ; 8            ; 140          ; 132          ; 8            ; 140          ; 140          ; 140          ; 132          ; 140          ; 140          ; 140          ; 140          ; 140          ; 0         ; 140          ; 140          ;
; Total Fail         ; 0            ; 0            ; 0            ; 0            ; 0            ; 0         ; 0            ; 0            ; 0         ; 0         ; 0            ; 0            ; 0            ; 0            ; 0            ; 0            ; 0            ; 0            ; 0            ; 0            ; 0            ; 0            ; 0            ; 0            ; 0            ; 0            ; 0            ; 0         ; 0            ; 0            ;
; z[0]               ; Pass         ; Inapplicable ; Pass         ; Inapplicable ; Inapplicable ; Pass      ; Pass         ; Inapplicable ; Pass      ; Pass      ; Inapplicable ; Pass         ; Inapplicable ; Inapplicable ; Inapplicable ; Inapplicable ; Pass         ; Inapplicable ; Inapplicable ; Inapplicable ; Inapplicable ; Pass         ; Inapplicable ; Inapplicable ; Inapplicable ; Inapplicable ; Inapplicable ; Pass      ; Inapplicable ; Inapplicable ;
; z[1]               ; Pass         ; Inapplicable ; Pass         ; Inapplicable ; Inapplicable ; Pass      ; Pass         ; Inapplicable ; Pass      ; Pass      ; Inapplicable ; Pass         ; Inapplicable ; Inapplicable ; Inapplicable ; Inapplicable ; Pass         ; Inapplicable ; Inapplicable ; Inapplicable ; Inapplicable ; Pass         ; Inapplicable ; Inapplicable ; Inapplicable ; Inapplicable ; Inapplicable ; Pass      ; Inapplicable ; Inapplicable ;
; z[2]               ; Inapplicable ; Inapplicable ; Inapplicable ; Inapplicable ; Inapplicable ; Pass      ; Inapplicable ; Inapplicable ; Pass      ; Pass      ; Inapplicable ; Pass         ; Inapplicable ; Inapplicable ; Inapplicable ; Inapplicable ; Pass         ; Inapplicable ; Inapplicable ; Inapplicable ; Inapplicable ; Pass         ; Inapplicable ; Inapplicable ; Inapplicable ; Inapplicable ; Inapplicable ; Pass      ; Inapplicable ; Inapplicable ;
; z[3]               ; Inapplicable ; Inapplicable ; Inapplicable ; Inapplicable ; Inapplicable ; Pass      ; Inapplicable ; Inapplicable ; Pass      ; Pass      ; Inapplicable ; Pass         ; Inapplicable ; Inapplicable ; Inapplicable ; Inapplicable ; Pass         ; Inapplicable ; Inapplicable ; Inapplicable ; Inapplicable ; Pass         ; Inapplicable ; Inapplicable ; Inapplicable ; Inapplicable ; Inapplicable ; Pass      ; Inapplicable ; Inapplicable ;
; z[4]               ; Inapplicable ; Inapplicable ; Inapplicable ; Inapplicable ; Inapplicable ; Pass      ; Inapplicable ; Inapplicable ; Pass      ; Pass      ; Inapplicable ; Pass         ; Inapplicable ; Inapplicable ; Inapplicable ; Inapplicable ; Pass         ; Inapplicable ; Inapplicable ; Inapplicable ; Inapplicable ; Pass         ; Inapplicable ; Inapplicable ; Inapplicable ; Inapplicable ; Inapplicable ; Pass      ; Inapplicable ; Inapplicable ;
; z[5]               ; Inapplicable ; Inapplicable ; Inapplicable ; Inapplicable ; Inapplicable ; Pass      ; Inapplicable ; Inapplicable ; Pass      ; Pass      ; Inapplicable ; Pass         ; Inapplicable ; Inapplicable ; Inapplicable ; Inapplicable ; Pass         ; Inapplicable ; Inapplicable ; Inapplicable ; Inapplicable ; Pass         ; Inapplicable ; Inapplicable ; Inapplicable ; Inapplicable ; Inapplicable ; Pass      ; Inapplicable ; Inapplicable ;
; z[6]               ; Inapplicable ; Inapplicable ; Inapplicable ; Inapplicable ; Inapplicable ; Pass      ; Inapplicable ; Inapplicable ; Pass      ; Pass      ; Inapplicable ; Pass         ; Inapplicable ; Inapplicable ; Inapplicable ; Inapplicable ; Pass         ; Inapplicable ; Inapplicable ; Inapplicable ; Inapplicable ; Pass         ; Inapplicable ; Inapplicable ; Inapplicable ; Inapplicable ; Inapplicable ; Pass      ; Inapplicable ; Inapplicable ;
; z[7]               ; Inapplicable ; Inapplicable ; Inapplicable ; Inapplicable ; Inapplicable ; Pass      ; Inapplicable ; Inapplicable ; Pass      ; Pass      ; Inapplicable ; Pass         ; Inapplicable ; Inapplicable ; Inapplicable ; Inapplicable ; Pass         ; Inapplicable ; Inapplicable ; Inapplicable ; Inapplicable ; Pass         ; Inapplicable ; Inapplicable ; Inapplicable ; Inapplicable ; Inapplicable ; Pass      ; Inapplicable ; Inapplicable ;
; N[80]              ; Inapplicable ; Inapplicable ; Inapplicable ; Inapplicable ; Inapplicable ; Pass      ; Inapplicable ; Inapplicable ; Pass      ; Pass      ; Inapplicable ; Inapplicable ; Inapplicable ; Inapplicable ; Pass         ; Inapplicable ; Inapplicable ; Pass         ; Inapplicable ; Inapplicable ; Inapplicable ; Inapplicable ; Inapplicable ; Inapplicable ; Inapplicable ; Inapplicable ; Inapplicable ; Pass      ; Inapplicable ; Inapplicable ;
; selecao[1]         ; Pass         ; Inapplicable ; Pass         ; Inapplicable ; Inapplicable ; Pass      ; Pass         ; Inapplicable ; Pass      ; Pass      ; Inapplicable ; Inapplicable ; Inapplicable ; Inapplicable ; Pass         ; Inapplicable ; Inapplicable ; Pass         ; Inapplicable ; Inapplicable ; Inapplicable ; Inapplicable ; Inapplicable ; Inapplicable ; Inapplicable ; Inapplicable ; Inapplicable ; Pass      ; Inapplicable ; Inapplicable ;
; N[72]              ; Inapplicable ; Inapplicable ; Inapplicable ; Inapplicable ; Inapplicable ; Pass      ; Inapplicable ; Inapplicable ; Pass      ; Pass      ; Inapplicable ; Inapplicable ; Inapplicable ; Inapplicable ; Pass         ; Inapplicable ; Inapplicable ; Pass         ; Inapplicable ; Inapplicable ; Inapplicable ; Inapplicable ; Inapplicable ; Inapplicable ; Inapplicable ; Inapplicable ; Inapplicable ; Pass      ; Inapplicable ; Inapplicable ;
; selecao[0]         ; Pass         ; Inapplicable ; Pass         ; Inapplicable ; Inapplicable ; Pass      ; Pass         ; Inapplicable ; Pass      ; Pass      ; Inapplicable ; Inapplicable ; Inapplicable ; Inapplicable ; Pass         ; Inapplicable ; Inapplicable ; Pass         ; Inapplicable ; Inapplicable ; Inapplicable ; Inapplicable ; Inapplicable ; Inapplicable ; Inapplicable ; Inapplicable ; Inapplicable ; Pass      ; Inapplicable ; Inapplicable ;
; N[64]              ; Inapplicable ; Inapplicable ; Inapplicable ; Inapplicable ; Inapplicable ; Pass      ; Inapplicable ; Inapplicable ; Pass      ; Pass      ; Inapplicable ; Inapplicable ; Inapplicable ; Inapplicable ; Pass         ; Inapplicable ; Inapplicable ; Pass         ; Inapplicable ; Inapplicable ; Inapplicable ; Inapplicable ; Inapplicable ; Inapplicable ; Inapplicable ; Inapplicable ; Inapplicable ; Pass      ; Inapplicable ; Inapplicable ;
; N[88]              ; Inapplicable ; Inapplicable ; Inapplicable ; Inapplicable ; Inapplicable ; Pass      ; Inapplicable ; Inapplicable ; Pass      ; Pass      ; Inapplicable ; Inapplicable ; Inapplicable ; Inapplicable ; Pass         ; Inapplicable ; Inapplicable ; Pass         ; Inapplicable ; Inapplicable ; Inapplicable ; Inapplicable ; Inapplicable ; Inapplicable ; Inapplicable ; Inapplicable ; Inapplicable ; Pass      ; Inapplicable ; Inapplicable ;
; selecao[3]         ; Inapplicable ; Inapplicable ; Inapplicable ; Inapplicable ; Inapplicable ; Pass      ; Inapplicable ; Inapplicable ; Pass      ; Pass      ; Inapplicable ; Inapplicable ; Inapplicable ; Inapplicable ; Pass         ; Inapplicable ; Inapplicable ; Pass         ; Inapplicable ; Inapplicable ; Inapplicable ; Inapplicable ; Inapplicable ; Inapplicable ; Inapplicable ; Inapplicable ; Inapplicable ; Pass      ; Inapplicable ; Inapplicable ;
; N[40]              ; Inapplicable ; Inapplicable ; Inapplicable ; Inapplicable ; Inapplicable ; Pass      ; Inapplicable ; Inapplicable ; Pass      ; Pass      ; Inapplicable ; Inapplicable ; Inapplicable ; Inapplicable ; Pass         ; Inapplicable ; Inapplicable ; Pass         ; Inapplicable ; Inapplicable ; Inapplicable ; Inapplicable ; Inapplicable ; Inapplicable ; Inapplicable ; Inapplicable ; Inapplicable ; Pass      ; Inapplicable ; Inapplicable ;
; N[48]              ; Inapplicable ; Inapplicable ; Inapplicable ; Inapplicable ; Inapplicable ; Pass      ; Inapplicable ; Inapplicable ; Pass      ; Pass      ; Inapplicable ; Inapplicable ; Inapplicable ; Inapplicable ; Pass         ; Inapplicable ; Inapplicable ; Pass         ; Inapplicable ; Inapplicable ; Inapplicable ; Inapplicable ; Inapplicable ; Inapplicable ; Inapplicable ; Inapplicable ; Inapplicable ; Pass      ; Inapplicable ; Inapplicable ;
; N[32]              ; Inapplicable ; Inapplicable ; Inapplicable ; Inapplicable ; Inapplicable ; Pass      ; Inapplicable ; Inapplicable ; Pass      ; Pass      ; Inapplicable ; Inapplicable ; Inapplicable ; Inapplicable ; Pass         ; Inapplicable ; Inapplicable ; Pass         ; Inapplicable ; Inapplicable ; Inapplicable ; Inapplicable ; Inapplicable ; Inapplicable ; Inapplicable ; Inapplicable ; Inapplicable ; Pass      ; Inapplicable ; Inapplicable ;
; N[56]              ; Inapplicable ; Inapplicable ; Inapplicable ; Inapplicable ; Inapplicable ; Pass      ; Inapplicable ; Inapplicable ; Pass      ; Pass      ; Inapplicable ; Inapplicable ; Inapplicable ; Inapplicable ; Pass         ; Inapplicable ; Inapplicable ; Pass         ; Inapplicable ; Inapplicable ; Inapplicable ; Inapplicable ; Inapplicable ; Inapplicable ; Inapplicable ; Inapplicable ; Inapplicable ; Pass      ; Inapplicable ; Inapplicable ;
; selecao[2]         ; Inapplicable ; Inapplicable ; Inapplicable ; Inapplicable ; Inapplicable ; Pass      ; Inapplicable ; Inapplicable ; Pass      ; Pass      ; Inapplicable ; Inapplicable ; Inapplicable ; Inapplicable ; Pass         ; Inapplicable ; Inapplicable ; Pass         ; Inapplicable ; Inapplicable ; Inapplicable ; Inapplicable ; Inapplicable ; Inapplicable ; Inapplicable ; Inapplicable ; Inapplicable ; Pass      ; Inapplicable ; Inapplicable ;
; N[16]              ; Inapplicable ; Inapplicable ; Inapplicable ; Inapplicable ; Inapplicable ; Pass      ; Inapplicable ; Inapplicable ; Pass      ; Pass      ; Inapplicable ; Inapplicable ; Inapplicable ; Inapplicable ; Pass         ; Inapplicable ; Inapplicable ; Pass         ; Inapplicable ; Inapplicable ; Inapplicable ; Inapplicable ; Inapplicable ; Inapplicable ; Inapplicable ; Inapplicable ; Inapplicable ; Pass      ; Inapplicable ; Inapplicable ;
; N[8]               ; Inapplicable ; Inapplicable ; Inapplicable ; Inapplicable ; Inapplicable ; Pass      ; Inapplicable ; Inapplicable ; Pass      ; Pass      ; Inapplicable ; Inapplicable ; Inapplicable ; Inapplicable ; Pass         ; Inapplicable ; Inapplicable ; Pass         ; Inapplicable ; Inapplicable ; Inapplicable ; Inapplicable ; Inapplicable ; Inapplicable ; Inapplicable ; Inapplicable ; Inapplicable ; Pass      ; Inapplicable ; Inapplicable ;
; N[0]               ; Pass         ; Inapplicable ; Pass         ; Inapplicable ; Inapplicable ; Pass      ; Pass         ; Inapplicable ; Pass      ; Pass      ; Inapplicable ; Inapplicable ; Inapplicable ; Inapplicable ; Pass         ; Inapplicable ; Inapplicable ; Pass         ; Inapplicable ; Inapplicable ; Inapplicable ; Inapplicable ; Inapplicable ; Inapplicable ; Inapplicable ; Inapplicable ; Inapplicable ; Pass      ; Inapplicable ; Inapplicable ;
; N[24]              ; Inapplicable ; Inapplicable ; Inapplicable ; Inapplicable ; Inapplicable ; Pass      ; Inapplicable ; Inapplicable ; Pass      ; Pass      ; Inapplicable ; Inapplicable ; Inapplicable ; Inapplicable ; Pass         ; Inapplicable ; Inapplicable ; Pass         ; Inapplicable ; Inapplicable ; Inapplicable ; Inapplicable ; Inapplicable ; Inapplicable ; Inapplicable ; Inapplicable ; Inapplicable ; Pass      ; Inapplicable ; Inapplicable ;
; N[104]             ; Inapplicable ; Inapplicable ; Inapplicable ; Inapplicable ; Inapplicable ; Pass      ; Inapplicable ; Inapplicable ; Pass      ; Pass      ; Inapplicable ; Inapplicable ; Inapplicable ; Inapplicable ; Pass         ; Inapplicable ; Inapplicable ; Pass         ; Inapplicable ; Inapplicable ; Inapplicable ; Inapplicable ; Inapplicable ; Inapplicable ; Inapplicable ; Inapplicable ; Inapplicable ; Pass      ; Inapplicable ; Inapplicable ;
; N[112]             ; Inapplicable ; Inapplicable ; Inapplicable ; Inapplicable ; Inapplicable ; Pass      ; Inapplicable ; Inapplicable ; Pass      ; Pass      ; Inapplicable ; Inapplicable ; Inapplicable ; Inapplicable ; Pass         ; Inapplicable ; Inapplicable ; Pass         ; Inapplicable ; Inapplicable ; Inapplicable ; Inapplicable ; Inapplicable ; Inapplicable ; Inapplicable ; Inapplicable ; Inapplicable ; Pass      ; Inapplicable ; Inapplicable ;
; N[96]              ; Inapplicable ; Inapplicable ; Inapplicable ; Inapplicable ; Inapplicable ; Pass      ; Inapplicable ; Inapplicable ; Pass      ; Pass      ; Inapplicable ; Inapplicable ; Inapplicable ; Inapplicable ; Pass         ; Inapplicable ; Inapplicable ; Pass         ; Inapplicable ; Inapplicable ; Inapplicable ; Inapplicable ; Inapplicable ; Inapplicable ; Inapplicable ; Inapplicable ; Inapplicable ; Pass      ; Inapplicable ; Inapplicable ;
; N[120]             ; Inapplicable ; Inapplicable ; Inapplicable ; Inapplicable ; Inapplicable ; Pass      ; Inapplicable ; Inapplicable ; Pass      ; Pass      ; Inapplicable ; Inapplicable ; Inapplicable ; Inapplicable ; Pass         ; Inapplicable ; Inapplicable ; Pass         ; Inapplicable ; Inapplicable ; Inapplicable ; Inapplicable ; Inapplicable ; Inapplicable ; Inapplicable ; Inapplicable ; Inapplicable ; Pass      ; Inapplicable ; Inapplicable ;
; N[49]              ; Inapplicable ; Inapplicable ; Inapplicable ; Inapplicable ; Inapplicable ; Pass      ; Inapplicable ; Inapplicable ; Pass      ; Pass      ; Inapplicable ; Inapplicable ; Inapplicable ; Inapplicable ; Pass         ; Inapplicable ; Inapplicable ; Pass         ; Inapplicable ; Inapplicable ; Inapplicable ; Inapplicable ; Inapplicable ; Inapplicable ; Inapplicable ; Inapplicable ; Inapplicable ; Pass      ; Inapplicable ; Inapplicable ;
; N[81]              ; Inapplicable ; Inapplicable ; Inapplicable ; Inapplicable ; Inapplicable ; Pass      ; Inapplicable ; Inapplicable ; Pass      ; Pass      ; Inapplicable ; Inapplicable ; Inapplicable ; Inapplicable ; Pass         ; Inapplicable ; Inapplicable ; Pass         ; Inapplicable ; Inapplicable ; Inapplicable ; Inapplicable ; Inapplicable ; Inapplicable ; Inapplicable ; Inapplicable ; Inapplicable ; Pass      ; Inapplicable ; Inapplicable ;
; N[17]              ; Inapplicable ; Inapplicable ; Inapplicable ; Inapplicable ; Inapplicable ; Pass      ; Inapplicable ; Inapplicable ; Pass      ; Pass      ; Inapplicable ; Inapplicable ; Inapplicable ; Inapplicable ; Pass         ; Inapplicable ; Inapplicable ; Pass         ; Inapplicable ; Inapplicable ; Inapplicable ; Inapplicable ; Inapplicable ; Inapplicable ; Inapplicable ; Inapplicable ; Inapplicable ; Pass      ; Inapplicable ; Inapplicable ;
; N[113]             ; Inapplicable ; Inapplicable ; Inapplicable ; Inapplicable ; Inapplicable ; Pass      ; Inapplicable ; Inapplicable ; Pass      ; Pass      ; Inapplicable ; Inapplicable ; Inapplicable ; Inapplicable ; Pass         ; Inapplicable ; Inapplicable ; Pass         ; Inapplicable ; Inapplicable ; Inapplicable ; Inapplicable ; Inapplicable ; Inapplicable ; Inapplicable ; Inapplicable ; Inapplicable ; Pass      ; Inapplicable ; Inapplicable ;
; N[73]              ; Inapplicable ; Inapplicable ; Inapplicable ; Inapplicable ; Inapplicable ; Pass      ; Inapplicable ; Inapplicable ; Pass      ; Pass      ; Inapplicable ; Inapplicable ; Inapplicable ; Inapplicable ; Pass         ; Inapplicable ; Inapplicable ; Pass         ; Inapplicable ; Inapplicable ; Inapplicable ; Inapplicable ; Inapplicable ; Inapplicable ; Inapplicable ; Inapplicable ; Inapplicable ; Pass      ; Inapplicable ; Inapplicable ;
; N[41]              ; Inapplicable ; Inapplicable ; Inapplicable ; Inapplicable ; Inapplicable ; Pass      ; Inapplicable ; Inapplicable ; Pass      ; Pass      ; Inapplicable ; Inapplicable ; Inapplicable ; Inapplicable ; Pass         ; Inapplicable ; Inapplicable ; Pass         ; Inapplicable ; Inapplicable ; Inapplicable ; Inapplicable ; Inapplicable ; Inapplicable ; Inapplicable ; Inapplicable ; Inapplicable ; Pass      ; Inapplicable ; Inapplicable ;
; N[9]               ; Inapplicable ; Inapplicable ; Inapplicable ; Inapplicable ; Inapplicable ; Pass      ; Inapplicable ; Inapplicable ; Pass      ; Pass      ; Inapplicable ; Inapplicable ; Inapplicable ; Inapplicable ; Pass         ; Inapplicable ; Inapplicable ; Pass         ; Inapplicable ; Inapplicable ; Inapplicable ; Inapplicable ; Inapplicable ; Inapplicable ; Inapplicable ; Inapplicable ; Inapplicable ; Pass      ; Inapplicable ; Inapplicable ;
; N[105]             ; Inapplicable ; Inapplicable ; Inapplicable ; Inapplicable ; Inapplicable ; Pass      ; Inapplicable ; Inapplicable ; Pass      ; Pass      ; Inapplicable ; Inapplicable ; Inapplicable ; Inapplicable ; Pass         ; Inapplicable ; Inapplicable ; Pass         ; Inapplicable ; Inapplicable ; Inapplicable ; Inapplicable ; Inapplicable ; Inapplicable ; Inapplicable ; Inapplicable ; Inapplicable ; Pass      ; Inapplicable ; Inapplicable ;
; N[33]              ; Inapplicable ; Inapplicable ; Inapplicable ; Inapplicable ; Inapplicable ; Pass      ; Inapplicable ; Inapplicable ; Pass      ; Pass      ; Inapplicable ; Inapplicable ; Inapplicable ; Inapplicable ; Pass         ; Inapplicable ; Inapplicable ; Pass         ; Inapplicable ; Inapplicable ; Inapplicable ; Inapplicable ; Inapplicable ; Inapplicable ; Inapplicable ; Inapplicable ; Inapplicable ; Pass      ; Inapplicable ; Inapplicable ;
; N[65]              ; Inapplicable ; Inapplicable ; Inapplicable ; Inapplicable ; Inapplicable ; Pass      ; Inapplicable ; Inapplicable ; Pass      ; Pass      ; Inapplicable ; Inapplicable ; Inapplicable ; Inapplicable ; Pass         ; Inapplicable ; Inapplicable ; Pass         ; Inapplicable ; Inapplicable ; Inapplicable ; Inapplicable ; Inapplicable ; Inapplicable ; Inapplicable ; Inapplicable ; Inapplicable ; Pass      ; Inapplicable ; Inapplicable ;
; N[1]               ; Pass         ; Inapplicable ; Pass         ; Inapplicable ; Inapplicable ; Pass      ; Pass         ; Inapplicable ; Pass      ; Pass      ; Inapplicable ; Inapplicable ; Inapplicable ; Inapplicable ; Pass         ; Inapplicable ; Inapplicable ; Pass         ; Inapplicable ; Inapplicable ; Inapplicable ; Inapplicable ; Inapplicable ; Inapplicable ; Inapplicable ; Inapplicable ; Inapplicable ; Pass      ; Inapplicable ; Inapplicable ;
; N[97]              ; Inapplicable ; Inapplicable ; Inapplicable ; Inapplicable ; Inapplicable ; Pass      ; Inapplicable ; Inapplicable ; Pass      ; Pass      ; Inapplicable ; Inapplicable ; Inapplicable ; Inapplicable ; Pass         ; Inapplicable ; Inapplicable ; Pass         ; Inapplicable ; Inapplicable ; Inapplicable ; Inapplicable ; Inapplicable ; Inapplicable ; Inapplicable ; Inapplicable ; Inapplicable ; Pass      ; Inapplicable ; Inapplicable ;
; N[89]              ; Inapplicable ; Inapplicable ; Inapplicable ; Inapplicable ; Inapplicable ; Pass      ; Inapplicable ; Inapplicable ; Pass      ; Pass      ; Inapplicable ; Inapplicable ; Inapplicable ; Inapplicable ; Pass         ; Inapplicable ; Inapplicable ; Pass         ; Inapplicable ; Inapplicable ; Inapplicable ; Inapplicable ; Inapplicable ; Inapplicable ; Inapplicable ; Inapplicable ; Inapplicable ; Pass      ; Inapplicable ; Inapplicable ;
; N[57]              ; Inapplicable ; Inapplicable ; Inapplicable ; Inapplicable ; Inapplicable ; Pass      ; Inapplicable ; Inapplicable ; Pass      ; Pass      ; Inapplicable ; Inapplicable ; Inapplicable ; Inapplicable ; Pass         ; Inapplicable ; Inapplicable ; Pass         ; Inapplicable ; Inapplicable ; Inapplicable ; Inapplicable ; Inapplicable ; Inapplicable ; Inapplicable ; Inapplicable ; Inapplicable ; Pass      ; Inapplicable ; Inapplicable ;
; N[25]              ; Inapplicable ; Inapplicable ; Inapplicable ; Inapplicable ; Inapplicable ; Pass      ; Inapplicable ; Inapplicable ; Pass      ; Pass      ; Inapplicable ; Inapplicable ; Inapplicable ; Inapplicable ; Pass         ; Inapplicable ; Inapplicable ; Pass         ; Inapplicable ; Inapplicable ; Inapplicable ; Inapplicable ; Inapplicable ; Inapplicable ; Inapplicable ; Inapplicable ; Inapplicable ; Pass      ; Inapplicable ; Inapplicable ;
; N[121]             ; Inapplicable ; Inapplicable ; Inapplicable ; Inapplicable ; Inapplicable ; Pass      ; Inapplicable ; Inapplicable ; Pass      ; Pass      ; Inapplicable ; Inapplicable ; Inapplicable ; Inapplicable ; Pass         ; Inapplicable ; Inapplicable ; Pass         ; Inapplicable ; Inapplicable ; Inapplicable ; Inapplicable ; Inapplicable ; Inapplicable ; Inapplicable ; Inapplicable ; Inapplicable ; Pass      ; Inapplicable ; Inapplicable ;
; N[50]              ; Inapplicable ; Inapplicable ; Inapplicable ; Inapplicable ; Inapplicable ; Pass      ; Inapplicable ; Inapplicable ; Pass      ; Pass      ; Inapplicable ; Inapplicable ; Inapplicable ; Inapplicable ; Pass         ; Inapplicable ; Inapplicable ; Pass         ; Inapplicable ; Inapplicable ; Inapplicable ; Inapplicable ; Inapplicable ; Inapplicable ; Inapplicable ; Inapplicable ; Inapplicable ; Pass      ; Inapplicable ; Inapplicable ;
; N[42]              ; Inapplicable ; Inapplicable ; Inapplicable ; Inapplicable ; Inapplicable ; Pass      ; Inapplicable ; Inapplicable ; Pass      ; Pass      ; Inapplicable ; Inapplicable ; Inapplicable ; Inapplicable ; Pass         ; Inapplicable ; Inapplicable ; Pass         ; Inapplicable ; Inapplicable ; Inapplicable ; Inapplicable ; Inapplicable ; Inapplicable ; Inapplicable ; Inapplicable ; Inapplicable ; Pass      ; Inapplicable ; Inapplicable ;
; N[34]              ; Inapplicable ; Inapplicable ; Inapplicable ; Inapplicable ; Inapplicable ; Pass      ; Inapplicable ; Inapplicable ; Pass      ; Pass      ; Inapplicable ; Inapplicable ; Inapplicable ; Inapplicable ; Pass         ; Inapplicable ; Inapplicable ; Pass         ; Inapplicable ; Inapplicable ; Inapplicable ; Inapplicable ; Inapplicable ; Inapplicable ; Inapplicable ; Inapplicable ; Inapplicable ; Pass      ; Inapplicable ; Inapplicable ;
; N[58]              ; Inapplicable ; Inapplicable ; Inapplicable ; Inapplicable ; Inapplicable ; Pass      ; Inapplicable ; Inapplicable ; Pass      ; Pass      ; Inapplicable ; Inapplicable ; Inapplicable ; Inapplicable ; Pass         ; Inapplicable ; Inapplicable ; Pass         ; Inapplicable ; Inapplicable ; Inapplicable ; Inapplicable ; Inapplicable ; Inapplicable ; Inapplicable ; Inapplicable ; Inapplicable ; Pass      ; Inapplicable ; Inapplicable ;
; N[74]              ; Inapplicable ; Inapplicable ; Inapplicable ; Inapplicable ; Inapplicable ; Pass      ; Inapplicable ; Inapplicable ; Pass      ; Pass      ; Inapplicable ; Inapplicable ; Inapplicable ; Inapplicable ; Pass         ; Inapplicable ; Inapplicable ; Pass         ; Inapplicable ; Inapplicable ; Inapplicable ; Inapplicable ; Inapplicable ; Inapplicable ; Inapplicable ; Inapplicable ; Inapplicable ; Pass      ; Inapplicable ; Inapplicable ;
; N[82]              ; Inapplicable ; Inapplicable ; Inapplicable ; Inapplicable ; Inapplicable ; Pass      ; Inapplicable ; Inapplicable ; Pass      ; Pass      ; Inapplicable ; Inapplicable ; Inapplicable ; Inapplicable ; Pass         ; Inapplicable ; Inapplicable ; Pass         ; Inapplicable ; Inapplicable ; Inapplicable ; Inapplicable ; Inapplicable ; Inapplicable ; Inapplicable ; Inapplicable ; Inapplicable ; Pass      ; Inapplicable ; Inapplicable ;
; N[66]              ; Inapplicable ; Inapplicable ; Inapplicable ; Inapplicable ; Inapplicable ; Pass      ; Inapplicable ; Inapplicable ; Pass      ; Pass      ; Inapplicable ; Inapplicable ; Inapplicable ; Inapplicable ; Pass         ; Inapplicable ; Inapplicable ; Pass         ; Inapplicable ; Inapplicable ; Inapplicable ; Inapplicable ; Inapplicable ; Inapplicable ; Inapplicable ; Inapplicable ; Inapplicable ; Pass      ; Inapplicable ; Inapplicable ;
; N[90]              ; Inapplicable ; Inapplicable ; Inapplicable ; Inapplicable ; Inapplicable ; Pass      ; Inapplicable ; Inapplicable ; Pass      ; Pass      ; Inapplicable ; Inapplicable ; Inapplicable ; Inapplicable ; Pass         ; Inapplicable ; Inapplicable ; Pass         ; Inapplicable ; Inapplicable ; Inapplicable ; Inapplicable ; Inapplicable ; Inapplicable ; Inapplicable ; Inapplicable ; Inapplicable ; Pass      ; Inapplicable ; Inapplicable ;
; N[10]              ; Inapplicable ; Inapplicable ; Inapplicable ; Inapplicable ; Inapplicable ; Pass      ; Inapplicable ; Inapplicable ; Pass      ; Pass      ; Inapplicable ; Inapplicable ; Inapplicable ; Inapplicable ; Pass         ; Inapplicable ; Inapplicable ; Pass         ; Inapplicable ; Inapplicable ; Inapplicable ; Inapplicable ; Inapplicable ; Inapplicable ; Inapplicable ; Inapplicable ; Inapplicable ; Pass      ; Inapplicable ; Inapplicable ;
; N[18]              ; Inapplicable ; Inapplicable ; Inapplicable ; Inapplicable ; Inapplicable ; Pass      ; Inapplicable ; Inapplicable ; Pass      ; Pass      ; Inapplicable ; Inapplicable ; Inapplicable ; Inapplicable ; Pass         ; Inapplicable ; Inapplicable ; Pass         ; Inapplicable ; Inapplicable ; Inapplicable ; Inapplicable ; Inapplicable ; Inapplicable ; Inapplicable ; Inapplicable ; Inapplicable ; Pass      ; Inapplicable ; Inapplicable ;
; N[2]               ; Pass         ; Inapplicable ; Pass         ; Inapplicable ; Inapplicable ; Pass      ; Pass         ; Inapplicable ; Pass      ; Pass      ; Inapplicable ; Inapplicable ; Inapplicable ; Inapplicable ; Pass         ; Inapplicable ; Inapplicable ; Pass         ; Inapplicable ; Inapplicable ; Inapplicable ; Inapplicable ; Inapplicable ; Inapplicable ; Inapplicable ; Inapplicable ; Inapplicable ; Pass      ; Inapplicable ; Inapplicable ;
; N[26]              ; Inapplicable ; Inapplicable ; Inapplicable ; Inapplicable ; Inapplicable ; Pass      ; Inapplicable ; Inapplicable ; Pass      ; Pass      ; Inapplicable ; Inapplicable ; Inapplicable ; Inapplicable ; Pass         ; Inapplicable ; Inapplicable ; Pass         ; Inapplicable ; Inapplicable ; Inapplicable ; Inapplicable ; Inapplicable ; Inapplicable ; Inapplicable ; Inapplicable ; Inapplicable ; Pass      ; Inapplicable ; Inapplicable ;
; N[114]             ; Inapplicable ; Inapplicable ; Inapplicable ; Inapplicable ; Inapplicable ; Pass      ; Inapplicable ; Inapplicable ; Pass      ; Pass      ; Inapplicable ; Inapplicable ; Inapplicable ; Inapplicable ; Pass         ; Inapplicable ; Inapplicable ; Pass         ; Inapplicable ; Inapplicable ; Inapplicable ; Inapplicable ; Inapplicable ; Inapplicable ; Inapplicable ; Inapplicable ; Inapplicable ; Pass      ; Inapplicable ; Inapplicable ;
; N[106]             ; Inapplicable ; Inapplicable ; Inapplicable ; Inapplicable ; Inapplicable ; Pass      ; Inapplicable ; Inapplicable ; Pass      ; Pass      ; Inapplicable ; Inapplicable ; Inapplicable ; Inapplicable ; Pass         ; Inapplicable ; Inapplicable ; Pass         ; Inapplicable ; Inapplicable ; Inapplicable ; Inapplicable ; Inapplicable ; Inapplicable ; Inapplicable ; Inapplicable ; Inapplicable ; Pass      ; Inapplicable ; Inapplicable ;
; N[98]              ; Inapplicable ; Inapplicable ; Inapplicable ; Inapplicable ; Inapplicable ; Pass      ; Inapplicable ; Inapplicable ; Pass      ; Pass      ; Inapplicable ; Inapplicable ; Inapplicable ; Inapplicable ; Pass         ; Inapplicable ; Inapplicable ; Pass         ; Inapplicable ; Inapplicable ; Inapplicable ; Inapplicable ; Inapplicable ; Inapplicable ; Inapplicable ; Inapplicable ; Inapplicable ; Pass      ; Inapplicable ; Inapplicable ;
; N[122]             ; Inapplicable ; Inapplicable ; Inapplicable ; Inapplicable ; Inapplicable ; Pass      ; Inapplicable ; Inapplicable ; Pass      ; Pass      ; Inapplicable ; Inapplicable ; Inapplicable ; Inapplicable ; Pass         ; Inapplicable ; Inapplicable ; Pass         ; Inapplicable ; Inapplicable ; Inapplicable ; Inapplicable ; Inapplicable ; Inapplicable ; Inapplicable ; Inapplicable ; Inapplicable ; Pass      ; Inapplicable ; Inapplicable ;
; N[43]              ; Inapplicable ; Inapplicable ; Inapplicable ; Inapplicable ; Inapplicable ; Pass      ; Inapplicable ; Inapplicable ; Pass      ; Pass      ; Inapplicable ; Inapplicable ; Inapplicable ; Inapplicable ; Pass         ; Inapplicable ; Inapplicable ; Pass         ; Inapplicable ; Inapplicable ; Inapplicable ; Inapplicable ; Inapplicable ; Inapplicable ; Inapplicable ; Inapplicable ; Inapplicable ; Pass      ; Inapplicable ; Inapplicable ;
; N[75]              ; Inapplicable ; Inapplicable ; Inapplicable ; Inapplicable ; Inapplicable ; Pass      ; Inapplicable ; Inapplicable ; Pass      ; Pass      ; Inapplicable ; Inapplicable ; Inapplicable ; Inapplicable ; Pass         ; Inapplicable ; Inapplicable ; Pass         ; Inapplicable ; Inapplicable ; Inapplicable ; Inapplicable ; Inapplicable ; Inapplicable ; Inapplicable ; Inapplicable ; Inapplicable ; Pass      ; Inapplicable ; Inapplicable ;
; N[11]              ; Inapplicable ; Inapplicable ; Inapplicable ; Inapplicable ; Inapplicable ; Pass      ; Inapplicable ; Inapplicable ; Pass      ; Pass      ; Inapplicable ; Inapplicable ; Inapplicable ; Inapplicable ; Pass         ; Inapplicable ; Inapplicable ; Pass         ; Inapplicable ; Inapplicable ; Inapplicable ; Inapplicable ; Inapplicable ; Inapplicable ; Inapplicable ; Inapplicable ; Inapplicable ; Pass      ; Inapplicable ; Inapplicable ;
; N[107]             ; Inapplicable ; Inapplicable ; Inapplicable ; Inapplicable ; Inapplicable ; Pass      ; Inapplicable ; Inapplicable ; Pass      ; Pass      ; Inapplicable ; Inapplicable ; Inapplicable ; Inapplicable ; Pass         ; Inapplicable ; Inapplicable ; Pass         ; Inapplicable ; Inapplicable ; Inapplicable ; Inapplicable ; Inapplicable ; Inapplicable ; Inapplicable ; Inapplicable ; Inapplicable ; Pass      ; Inapplicable ; Inapplicable ;
; N[83]              ; Inapplicable ; Inapplicable ; Inapplicable ; Inapplicable ; Inapplicable ; Pass      ; Inapplicable ; Inapplicable ; Pass      ; Pass      ; Inapplicable ; Inapplicable ; Inapplicable ; Inapplicable ; Pass         ; Inapplicable ; Inapplicable ; Pass         ; Inapplicable ; Inapplicable ; Inapplicable ; Inapplicable ; Inapplicable ; Inapplicable ; Inapplicable ; Inapplicable ; Inapplicable ; Pass      ; Inapplicable ; Inapplicable ;
; N[51]              ; Inapplicable ; Inapplicable ; Inapplicable ; Inapplicable ; Inapplicable ; Pass      ; Inapplicable ; Inapplicable ; Pass      ; Pass      ; Inapplicable ; Inapplicable ; Inapplicable ; Inapplicable ; Pass         ; Inapplicable ; Inapplicable ; Pass         ; Inapplicable ; Inapplicable ; Inapplicable ; Inapplicable ; Inapplicable ; Inapplicable ; Inapplicable ; Inapplicable ; Inapplicable ; Pass      ; Inapplicable ; Inapplicable ;
; N[19]              ; Inapplicable ; Inapplicable ; Inapplicable ; Inapplicable ; Inapplicable ; Pass      ; Inapplicable ; Inapplicable ; Pass      ; Pass      ; Inapplicable ; Inapplicable ; Inapplicable ; Inapplicable ; Pass         ; Inapplicable ; Inapplicable ; Pass         ; Inapplicable ; Inapplicable ; Inapplicable ; Inapplicable ; Inapplicable ; Inapplicable ; Inapplicable ; Inapplicable ; Inapplicable ; Pass      ; Inapplicable ; Inapplicable ;
; N[115]             ; Inapplicable ; Inapplicable ; Inapplicable ; Inapplicable ; Inapplicable ; Pass      ; Inapplicable ; Inapplicable ; Pass      ; Pass      ; Inapplicable ; Inapplicable ; Inapplicable ; Inapplicable ; Pass         ; Inapplicable ; Inapplicable ; Pass         ; Inapplicable ; Inapplicable ; Inapplicable ; Inapplicable ; Inapplicable ; Inapplicable ; Inapplicable ; Inapplicable ; Inapplicable ; Pass      ; Inapplicable ; Inapplicable ;
; N[67]              ; Inapplicable ; Inapplicable ; Inapplicable ; Inapplicable ; Inapplicable ; Pass      ; Inapplicable ; Inapplicable ; Pass      ; Pass      ; Inapplicable ; Inapplicable ; Inapplicable ; Inapplicable ; Pass         ; Inapplicable ; Inapplicable ; Pass         ; Inapplicable ; Inapplicable ; Inapplicable ; Inapplicable ; Inapplicable ; Inapplicable ; Inapplicable ; Inapplicable ; Inapplicable ; Pass      ; Inapplicable ; Inapplicable ;
; N[35]              ; Inapplicable ; Inapplicable ; Inapplicable ; Inapplicable ; Inapplicable ; Pass      ; Inapplicable ; Inapplicable ; Pass      ; Pass      ; Inapplicable ; Inapplicable ; Inapplicable ; Inapplicable ; Pass         ; Inapplicable ; Inapplicable ; Pass         ; Inapplicable ; Inapplicable ; Inapplicable ; Inapplicable ; Inapplicable ; Inapplicable ; Inapplicable ; Inapplicable ; Inapplicable ; Pass      ; Inapplicable ; Inapplicable ;
; N[3]               ; Pass         ; Inapplicable ; Pass         ; Inapplicable ; Inapplicable ; Pass      ; Pass         ; Inapplicable ; Pass      ; Pass      ; Inapplicable ; Inapplicable ; Inapplicable ; Inapplicable ; Pass         ; Inapplicable ; Inapplicable ; Pass         ; Inapplicable ; Inapplicable ; Inapplicable ; Inapplicable ; Inapplicable ; Inapplicable ; Inapplicable ; Inapplicable ; Inapplicable ; Pass      ; Inapplicable ; Inapplicable ;
; N[99]              ; Inapplicable ; Inapplicable ; Inapplicable ; Inapplicable ; Inapplicable ; Pass      ; Inapplicable ; Inapplicable ; Pass      ; Pass      ; Inapplicable ; Inapplicable ; Inapplicable ; Inapplicable ; Pass         ; Inapplicable ; Inapplicable ; Pass         ; Inapplicable ; Inapplicable ; Inapplicable ; Inapplicable ; Inapplicable ; Inapplicable ; Inapplicable ; Inapplicable ; Inapplicable ; Pass      ; Inapplicable ; Inapplicable ;
; N[59]              ; Inapplicable ; Inapplicable ; Inapplicable ; Inapplicable ; Inapplicable ; Pass      ; Inapplicable ; Inapplicable ; Pass      ; Pass      ; Inapplicable ; Inapplicable ; Inapplicable ; Inapplicable ; Pass         ; Inapplicable ; Inapplicable ; Pass         ; Inapplicable ; Inapplicable ; Inapplicable ; Inapplicable ; Inapplicable ; Inapplicable ; Inapplicable ; Inapplicable ; Inapplicable ; Pass      ; Inapplicable ; Inapplicable ;
; N[91]              ; Inapplicable ; Inapplicable ; Inapplicable ; Inapplicable ; Inapplicable ; Pass      ; Inapplicable ; Inapplicable ; Pass      ; Pass      ; Inapplicable ; Inapplicable ; Inapplicable ; Inapplicable ; Pass         ; Inapplicable ; Inapplicable ; Pass         ; Inapplicable ; Inapplicable ; Inapplicable ; Inapplicable ; Inapplicable ; Inapplicable ; Inapplicable ; Inapplicable ; Inapplicable ; Pass      ; Inapplicable ; Inapplicable ;
; N[27]              ; Inapplicable ; Inapplicable ; Inapplicable ; Inapplicable ; Inapplicable ; Pass      ; Inapplicable ; Inapplicable ; Pass      ; Pass      ; Inapplicable ; Inapplicable ; Inapplicable ; Inapplicable ; Pass         ; Inapplicable ; Inapplicable ; Pass         ; Inapplicable ; Inapplicable ; Inapplicable ; Inapplicable ; Inapplicable ; Inapplicable ; Inapplicable ; Inapplicable ; Inapplicable ; Pass      ; Inapplicable ; Inapplicable ;
; N[123]             ; Inapplicable ; Inapplicable ; Inapplicable ; Inapplicable ; Inapplicable ; Pass      ; Inapplicable ; Inapplicable ; Pass      ; Pass      ; Inapplicable ; Inapplicable ; Inapplicable ; Inapplicable ; Pass         ; Inapplicable ; Inapplicable ; Pass         ; Inapplicable ; Inapplicable ; Inapplicable ; Inapplicable ; Inapplicable ; Inapplicable ; Inapplicable ; Inapplicable ; Inapplicable ; Pass      ; Inapplicable ; Inapplicable ;
; N[84]              ; Inapplicable ; Inapplicable ; Inapplicable ; Inapplicable ; Inapplicable ; Pass      ; Inapplicable ; Inapplicable ; Pass      ; Pass      ; Inapplicable ; Inapplicable ; Inapplicable ; Inapplicable ; Pass         ; Inapplicable ; Inapplicable ; Pass         ; Inapplicable ; Inapplicable ; Inapplicable ; Inapplicable ; Inapplicable ; Inapplicable ; Inapplicable ; Inapplicable ; Inapplicable ; Pass      ; Inapplicable ; Inapplicable ;
; N[76]              ; Inapplicable ; Inapplicable ; Inapplicable ; Inapplicable ; Inapplicable ; Pass      ; Inapplicable ; Inapplicable ; Pass      ; Pass      ; Inapplicable ; Inapplicable ; Inapplicable ; Inapplicable ; Pass         ; Inapplicable ; Inapplicable ; Pass         ; Inapplicable ; Inapplicable ; Inapplicable ; Inapplicable ; Inapplicable ; Inapplicable ; Inapplicable ; Inapplicable ; Inapplicable ; Pass      ; Inapplicable ; Inapplicable ;
; N[68]              ; Inapplicable ; Inapplicable ; Inapplicable ; Inapplicable ; Inapplicable ; Pass      ; Inapplicable ; Inapplicable ; Pass      ; Pass      ; Inapplicable ; Inapplicable ; Inapplicable ; Inapplicable ; Pass         ; Inapplicable ; Inapplicable ; Pass         ; Inapplicable ; Inapplicable ; Inapplicable ; Inapplicable ; Inapplicable ; Inapplicable ; Inapplicable ; Inapplicable ; Inapplicable ; Pass      ; Inapplicable ; Inapplicable ;
; N[92]              ; Inapplicable ; Inapplicable ; Inapplicable ; Inapplicable ; Inapplicable ; Pass      ; Inapplicable ; Inapplicable ; Pass      ; Pass      ; Inapplicable ; Inapplicable ; Inapplicable ; Inapplicable ; Pass         ; Inapplicable ; Inapplicable ; Pass         ; Inapplicable ; Inapplicable ; Inapplicable ; Inapplicable ; Inapplicable ; Inapplicable ; Inapplicable ; Inapplicable ; Inapplicable ; Pass      ; Inapplicable ; Inapplicable ;
; N[44]              ; Inapplicable ; Inapplicable ; Inapplicable ; Inapplicable ; Inapplicable ; Pass      ; Inapplicable ; Inapplicable ; Pass      ; Pass      ; Inapplicable ; Inapplicable ; Inapplicable ; Inapplicable ; Pass         ; Inapplicable ; Inapplicable ; Pass         ; Inapplicable ; Inapplicable ; Inapplicable ; Inapplicable ; Inapplicable ; Inapplicable ; Inapplicable ; Inapplicable ; Inapplicable ; Pass      ; Inapplicable ; Inapplicable ;
; N[52]              ; Inapplicable ; Inapplicable ; Inapplicable ; Inapplicable ; Inapplicable ; Pass      ; Inapplicable ; Inapplicable ; Pass      ; Pass      ; Inapplicable ; Inapplicable ; Inapplicable ; Inapplicable ; Pass         ; Inapplicable ; Inapplicable ; Pass         ; Inapplicable ; Inapplicable ; Inapplicable ; Inapplicable ; Inapplicable ; Inapplicable ; Inapplicable ; Inapplicable ; Inapplicable ; Pass      ; Inapplicable ; Inapplicable ;
; N[36]              ; Inapplicable ; Inapplicable ; Inapplicable ; Inapplicable ; Inapplicable ; Pass      ; Inapplicable ; Inapplicable ; Pass      ; Pass      ; Inapplicable ; Inapplicable ; Inapplicable ; Inapplicable ; Pass         ; Inapplicable ; Inapplicable ; Pass         ; Inapplicable ; Inapplicable ; Inapplicable ; Inapplicable ; Inapplicable ; Inapplicable ; Inapplicable ; Inapplicable ; Inapplicable ; Pass      ; Inapplicable ; Inapplicable ;
; N[60]              ; Inapplicable ; Inapplicable ; Inapplicable ; Inapplicable ; Inapplicable ; Pass      ; Inapplicable ; Inapplicable ; Pass      ; Pass      ; Inapplicable ; Inapplicable ; Inapplicable ; Inapplicable ; Pass         ; Inapplicable ; Inapplicable ; Pass         ; Inapplicable ; Inapplicable ; Inapplicable ; Inapplicable ; Inapplicable ; Inapplicable ; Inapplicable ; Inapplicable ; Inapplicable ; Pass      ; Inapplicable ; Inapplicable ;
; N[20]              ; Inapplicable ; Inapplicable ; Inapplicable ; Inapplicable ; Inapplicable ; Pass      ; Inapplicable ; Inapplicable ; Pass      ; Pass      ; Inapplicable ; Inapplicable ; Inapplicable ; Inapplicable ; Pass         ; Inapplicable ; Inapplicable ; Pass         ; Inapplicable ; Inapplicable ; Inapplicable ; Inapplicable ; Inapplicable ; Inapplicable ; Inapplicable ; Inapplicable ; Inapplicable ; Pass      ; Inapplicable ; Inapplicable ;
; N[12]              ; Inapplicable ; Inapplicable ; Inapplicable ; Inapplicable ; Inapplicable ; Pass      ; Inapplicable ; Inapplicable ; Pass      ; Pass      ; Inapplicable ; Inapplicable ; Inapplicable ; Inapplicable ; Pass         ; Inapplicable ; Inapplicable ; Pass         ; Inapplicable ; Inapplicable ; Inapplicable ; Inapplicable ; Inapplicable ; Inapplicable ; Inapplicable ; Inapplicable ; Inapplicable ; Pass      ; Inapplicable ; Inapplicable ;
; N[4]               ; Pass         ; Inapplicable ; Pass         ; Inapplicable ; Inapplicable ; Pass      ; Pass         ; Inapplicable ; Pass      ; Pass      ; Inapplicable ; Inapplicable ; Inapplicable ; Inapplicable ; Pass         ; Inapplicable ; Inapplicable ; Pass         ; Inapplicable ; Inapplicable ; Inapplicable ; Inapplicable ; Inapplicable ; Inapplicable ; Inapplicable ; Inapplicable ; Inapplicable ; Pass      ; Inapplicable ; Inapplicable ;
; N[28]              ; Inapplicable ; Inapplicable ; Inapplicable ; Inapplicable ; Inapplicable ; Pass      ; Inapplicable ; Inapplicable ; Pass      ; Pass      ; Inapplicable ; Inapplicable ; Inapplicable ; Inapplicable ; Pass         ; Inapplicable ; Inapplicable ; Pass         ; Inapplicable ; Inapplicable ; Inapplicable ; Inapplicable ; Inapplicable ; Inapplicable ; Inapplicable ; Inapplicable ; Inapplicable ; Pass      ; Inapplicable ; Inapplicable ;
; N[108]             ; Inapplicable ; Inapplicable ; Inapplicable ; Inapplicable ; Inapplicable ; Pass      ; Inapplicable ; Inapplicable ; Pass      ; Pass      ; Inapplicable ; Inapplicable ; Inapplicable ; Inapplicable ; Pass         ; Inapplicable ; Inapplicable ; Pass         ; Inapplicable ; Inapplicable ; Inapplicable ; Inapplicable ; Inapplicable ; Inapplicable ; Inapplicable ; Inapplicable ; Inapplicable ; Pass      ; Inapplicable ; Inapplicable ;
; N[116]             ; Inapplicable ; Inapplicable ; Inapplicable ; Inapplicable ; Inapplicable ; Pass      ; Inapplicable ; Inapplicable ; Pass      ; Pass      ; Inapplicable ; Inapplicable ; Inapplicable ; Inapplicable ; Pass         ; Inapplicable ; Inapplicable ; Pass         ; Inapplicable ; Inapplicable ; Inapplicable ; Inapplicable ; Inapplicable ; Inapplicable ; Inapplicable ; Inapplicable ; Inapplicable ; Pass      ; Inapplicable ; Inapplicable ;
; N[100]             ; Inapplicable ; Inapplicable ; Inapplicable ; Inapplicable ; Inapplicable ; Pass      ; Inapplicable ; Inapplicable ; Pass      ; Pass      ; Inapplicable ; Inapplicable ; Inapplicable ; Inapplicable ; Pass         ; Inapplicable ; Inapplicable ; Pass         ; Inapplicable ; Inapplicable ; Inapplicable ; Inapplicable ; Inapplicable ; Inapplicable ; Inapplicable ; Inapplicable ; Inapplicable ; Pass      ; Inapplicable ; Inapplicable ;
; N[124]             ; Inapplicable ; Inapplicable ; Inapplicable ; Inapplicable ; Inapplicable ; Pass      ; Inapplicable ; Inapplicable ; Pass      ; Pass      ; Inapplicable ; Inapplicable ; Inapplicable ; Inapplicable ; Pass         ; Inapplicable ; Inapplicable ; Pass         ; Inapplicable ; Inapplicable ; Inapplicable ; Inapplicable ; Inapplicable ; Inapplicable ; Inapplicable ; Inapplicable ; Inapplicable ; Pass      ; Inapplicable ; Inapplicable ;
; N[53]              ; Inapplicable ; Inapplicable ; Inapplicable ; Inapplicable ; Inapplicable ; Pass      ; Inapplicable ; Inapplicable ; Pass      ; Pass      ; Inapplicable ; Inapplicable ; Inapplicable ; Inapplicable ; Pass         ; Inapplicable ; Inapplicable ; Pass         ; Inapplicable ; Inapplicable ; Inapplicable ; Inapplicable ; Inapplicable ; Inapplicable ; Inapplicable ; Inapplicable ; Inapplicable ; Pass      ; Inapplicable ; Inapplicable ;
; N[85]              ; Inapplicable ; Inapplicable ; Inapplicable ; Inapplicable ; Inapplicable ; Pass      ; Inapplicable ; Inapplicable ; Pass      ; Pass      ; Inapplicable ; Inapplicable ; Inapplicable ; Inapplicable ; Pass         ; Inapplicable ; Inapplicable ; Pass         ; Inapplicable ; Inapplicable ; Inapplicable ; Inapplicable ; Inapplicable ; Inapplicable ; Inapplicable ; Inapplicable ; Inapplicable ; Pass      ; Inapplicable ; Inapplicable ;
; N[21]              ; Inapplicable ; Inapplicable ; Inapplicable ; Inapplicable ; Inapplicable ; Pass      ; Inapplicable ; Inapplicable ; Pass      ; Pass      ; Inapplicable ; Inapplicable ; Inapplicable ; Inapplicable ; Pass         ; Inapplicable ; Inapplicable ; Pass         ; Inapplicable ; Inapplicable ; Inapplicable ; Inapplicable ; Inapplicable ; Inapplicable ; Inapplicable ; Inapplicable ; Inapplicable ; Pass      ; Inapplicable ; Inapplicable ;
; N[117]             ; Inapplicable ; Inapplicable ; Inapplicable ; Inapplicable ; Inapplicable ; Pass      ; Inapplicable ; Inapplicable ; Pass      ; Pass      ; Inapplicable ; Inapplicable ; Inapplicable ; Inapplicable ; Pass         ; Inapplicable ; Inapplicable ; Pass         ; Inapplicable ; Inapplicable ; Inapplicable ; Inapplicable ; Inapplicable ; Inapplicable ; Inapplicable ; Inapplicable ; Inapplicable ; Pass      ; Inapplicable ; Inapplicable ;
; N[77]              ; Inapplicable ; Inapplicable ; Inapplicable ; Inapplicable ; Inapplicable ; Pass      ; Inapplicable ; Inapplicable ; Pass      ; Pass      ; Inapplicable ; Inapplicable ; Inapplicable ; Inapplicable ; Pass         ; Inapplicable ; Inapplicable ; Pass         ; Inapplicable ; Inapplicable ; Inapplicable ; Inapplicable ; Inapplicable ; Inapplicable ; Inapplicable ; Inapplicable ; Inapplicable ; Pass      ; Inapplicable ; Inapplicable ;
; N[45]              ; Inapplicable ; Inapplicable ; Inapplicable ; Inapplicable ; Inapplicable ; Pass      ; Inapplicable ; Inapplicable ; Pass      ; Pass      ; Inapplicable ; Inapplicable ; Inapplicable ; Inapplicable ; Pass         ; Inapplicable ; Inapplicable ; Pass         ; Inapplicable ; Inapplicable ; Inapplicable ; Inapplicable ; Inapplicable ; Inapplicable ; Inapplicable ; Inapplicable ; Inapplicable ; Pass      ; Inapplicable ; Inapplicable ;
; N[13]              ; Inapplicable ; Inapplicable ; Inapplicable ; Inapplicable ; Inapplicable ; Pass      ; Inapplicable ; Inapplicable ; Pass      ; Pass      ; Inapplicable ; Inapplicable ; Inapplicable ; Inapplicable ; Pass         ; Inapplicable ; Inapplicable ; Pass         ; Inapplicable ; Inapplicable ; Inapplicable ; Inapplicable ; Inapplicable ; Inapplicable ; Inapplicable ; Inapplicable ; Inapplicable ; Pass      ; Inapplicable ; Inapplicable ;
; N[109]             ; Inapplicable ; Inapplicable ; Inapplicable ; Inapplicable ; Inapplicable ; Pass      ; Inapplicable ; Inapplicable ; Pass      ; Pass      ; Inapplicable ; Inapplicable ; Inapplicable ; Inapplicable ; Pass         ; Inapplicable ; Inapplicable ; Pass         ; Inapplicable ; Inapplicable ; Inapplicable ; Inapplicable ; Inapplicable ; Inapplicable ; Inapplicable ; Inapplicable ; Inapplicable ; Pass      ; Inapplicable ; Inapplicable ;
; N[37]              ; Inapplicable ; Inapplicable ; Inapplicable ; Inapplicable ; Inapplicable ; Pass      ; Inapplicable ; Inapplicable ; Pass      ; Pass      ; Inapplicable ; Inapplicable ; Inapplicable ; Inapplicable ; Pass         ; Inapplicable ; Inapplicable ; Pass         ; Inapplicable ; Inapplicable ; Inapplicable ; Inapplicable ; Inapplicable ; Inapplicable ; Inapplicable ; Inapplicable ; Inapplicable ; Pass      ; Inapplicable ; Inapplicable ;
; N[69]              ; Inapplicable ; Inapplicable ; Inapplicable ; Inapplicable ; Inapplicable ; Pass      ; Inapplicable ; Inapplicable ; Pass      ; Pass      ; Inapplicable ; Inapplicable ; Inapplicable ; Inapplicable ; Pass         ; Inapplicable ; Inapplicable ; Pass         ; Inapplicable ; Inapplicable ; Inapplicable ; Inapplicable ; Inapplicable ; Inapplicable ; Inapplicable ; Inapplicable ; Inapplicable ; Pass      ; Inapplicable ; Inapplicable ;
; N[5]               ; Pass         ; Inapplicable ; Pass         ; Inapplicable ; Inapplicable ; Pass      ; Pass         ; Inapplicable ; Pass      ; Pass      ; Inapplicable ; Inapplicable ; Inapplicable ; Inapplicable ; Pass         ; Inapplicable ; Inapplicable ; Pass         ; Inapplicable ; Inapplicable ; Inapplicable ; Inapplicable ; Inapplicable ; Inapplicable ; Inapplicable ; Inapplicable ; Inapplicable ; Pass      ; Inapplicable ; Inapplicable ;
; N[101]             ; Inapplicable ; Inapplicable ; Inapplicable ; Inapplicable ; Inapplicable ; Pass      ; Inapplicable ; Inapplicable ; Pass      ; Pass      ; Inapplicable ; Inapplicable ; Inapplicable ; Inapplicable ; Pass         ; Inapplicable ; Inapplicable ; Pass         ; Inapplicable ; Inapplicable ; Inapplicable ; Inapplicable ; Inapplicable ; Inapplicable ; Inapplicable ; Inapplicable ; Inapplicable ; Pass      ; Inapplicable ; Inapplicable ;
; N[93]              ; Inapplicable ; Inapplicable ; Inapplicable ; Inapplicable ; Inapplicable ; Pass      ; Inapplicable ; Inapplicable ; Pass      ; Pass      ; Inapplicable ; Inapplicable ; Inapplicable ; Inapplicable ; Pass         ; Inapplicable ; Inapplicable ; Pass         ; Inapplicable ; Inapplicable ; Inapplicable ; Inapplicable ; Inapplicable ; Inapplicable ; Inapplicable ; Inapplicable ; Inapplicable ; Pass      ; Inapplicable ; Inapplicable ;
; N[61]              ; Inapplicable ; Inapplicable ; Inapplicable ; Inapplicable ; Inapplicable ; Pass      ; Inapplicable ; Inapplicable ; Pass      ; Pass      ; Inapplicable ; Inapplicable ; Inapplicable ; Inapplicable ; Pass         ; Inapplicable ; Inapplicable ; Pass         ; Inapplicable ; Inapplicable ; Inapplicable ; Inapplicable ; Inapplicable ; Inapplicable ; Inapplicable ; Inapplicable ; Inapplicable ; Pass      ; Inapplicable ; Inapplicable ;
; N[29]              ; Inapplicable ; Inapplicable ; Inapplicable ; Inapplicable ; Inapplicable ; Pass      ; Inapplicable ; Inapplicable ; Pass      ; Pass      ; Inapplicable ; Inapplicable ; Inapplicable ; Inapplicable ; Pass         ; Inapplicable ; Inapplicable ; Pass         ; Inapplicable ; Inapplicable ; Inapplicable ; Inapplicable ; Inapplicable ; Inapplicable ; Inapplicable ; Inapplicable ; Inapplicable ; Pass      ; Inapplicable ; Inapplicable ;
; N[125]             ; Inapplicable ; Inapplicable ; Inapplicable ; Inapplicable ; Inapplicable ; Pass      ; Inapplicable ; Inapplicable ; Pass      ; Pass      ; Inapplicable ; Inapplicable ; Inapplicable ; Inapplicable ; Pass         ; Inapplicable ; Inapplicable ; Pass         ; Inapplicable ; Inapplicable ; Inapplicable ; Inapplicable ; Inapplicable ; Inapplicable ; Inapplicable ; Inapplicable ; Inapplicable ; Pass      ; Inapplicable ; Inapplicable ;
; N[54]              ; Inapplicable ; Inapplicable ; Inapplicable ; Inapplicable ; Inapplicable ; Pass      ; Inapplicable ; Inapplicable ; Pass      ; Pass      ; Inapplicable ; Inapplicable ; Inapplicable ; Inapplicable ; Pass         ; Inapplicable ; Inapplicable ; Pass         ; Inapplicable ; Inapplicable ; Inapplicable ; Inapplicable ; Inapplicable ; Inapplicable ; Inapplicable ; Inapplicable ; Inapplicable ; Pass      ; Inapplicable ; Inapplicable ;
; N[46]              ; Inapplicable ; Inapplicable ; Inapplicable ; Inapplicable ; Inapplicable ; Pass      ; Inapplicable ; Inapplicable ; Pass      ; Pass      ; Inapplicable ; Inapplicable ; Inapplicable ; Inapplicable ; Pass         ; Inapplicable ; Inapplicable ; Pass         ; Inapplicable ; Inapplicable ; Inapplicable ; Inapplicable ; Inapplicable ; Inapplicable ; Inapplicable ; Inapplicable ; Inapplicable ; Pass      ; Inapplicable ; Inapplicable ;
; N[38]              ; Inapplicable ; Inapplicable ; Inapplicable ; Inapplicable ; Inapplicable ; Pass      ; Inapplicable ; Inapplicable ; Pass      ; Pass      ; Inapplicable ; Inapplicable ; Inapplicable ; Inapplicable ; Pass         ; Inapplicable ; Inapplicable ; Pass         ; Inapplicable ; Inapplicable ; Inapplicable ; Inapplicable ; Inapplicable ; Inapplicable ; Inapplicable ; Inapplicable ; Inapplicable ; Pass      ; Inapplicable ; Inapplicable ;
; N[62]              ; Inapplicable ; Inapplicable ; Inapplicable ; Inapplicable ; Inapplicable ; Pass      ; Inapplicable ; Inapplicable ; Pass      ; Pass      ; Inapplicable ; Inapplicable ; Inapplicable ; Inapplicable ; Pass         ; Inapplicable ; Inapplicable ; Pass         ; Inapplicable ; Inapplicable ; Inapplicable ; Inapplicable ; Inapplicable ; Inapplicable ; Inapplicable ; Inapplicable ; Inapplicable ; Pass      ; Inapplicable ; Inapplicable ;
; N[78]              ; Inapplicable ; Inapplicable ; Inapplicable ; Inapplicable ; Inapplicable ; Pass      ; Inapplicable ; Inapplicable ; Pass      ; Pass      ; Inapplicable ; Inapplicable ; Inapplicable ; Inapplicable ; Pass         ; Inapplicable ; Inapplicable ; Pass         ; Inapplicable ; Inapplicable ; Inapplicable ; Inapplicable ; Inapplicable ; Inapplicable ; Inapplicable ; Inapplicable ; Inapplicable ; Pass      ; Inapplicable ; Inapplicable ;
; N[86]              ; Inapplicable ; Inapplicable ; Inapplicable ; Inapplicable ; Inapplicable ; Pass      ; Inapplicable ; Inapplicable ; Pass      ; Pass      ; Inapplicable ; Inapplicable ; Inapplicable ; Inapplicable ; Pass         ; Inapplicable ; Inapplicable ; Pass         ; Inapplicable ; Inapplicable ; Inapplicable ; Inapplicable ; Inapplicable ; Inapplicable ; Inapplicable ; Inapplicable ; Inapplicable ; Pass      ; Inapplicable ; Inapplicable ;
; N[70]              ; Inapplicable ; Inapplicable ; Inapplicable ; Inapplicable ; Inapplicable ; Pass      ; Inapplicable ; Inapplicable ; Pass      ; Pass      ; Inapplicable ; Inapplicable ; Inapplicable ; Inapplicable ; Pass         ; Inapplicable ; Inapplicable ; Pass         ; Inapplicable ; Inapplicable ; Inapplicable ; Inapplicable ; Inapplicable ; Inapplicable ; Inapplicable ; Inapplicable ; Inapplicable ; Pass      ; Inapplicable ; Inapplicable ;
; N[94]              ; Inapplicable ; Inapplicable ; Inapplicable ; Inapplicable ; Inapplicable ; Pass      ; Inapplicable ; Inapplicable ; Pass      ; Pass      ; Inapplicable ; Inapplicable ; Inapplicable ; Inapplicable ; Pass         ; Inapplicable ; Inapplicable ; Pass         ; Inapplicable ; Inapplicable ; Inapplicable ; Inapplicable ; Inapplicable ; Inapplicable ; Inapplicable ; Inapplicable ; Inapplicable ; Pass      ; Inapplicable ; Inapplicable ;
; N[14]              ; Inapplicable ; Inapplicable ; Inapplicable ; Inapplicable ; Inapplicable ; Pass      ; Inapplicable ; Inapplicable ; Pass      ; Pass      ; Inapplicable ; Inapplicable ; Inapplicable ; Inapplicable ; Pass         ; Inapplicable ; Inapplicable ; Pass         ; Inapplicable ; Inapplicable ; Inapplicable ; Inapplicable ; Inapplicable ; Inapplicable ; Inapplicable ; Inapplicable ; Inapplicable ; Pass      ; Inapplicable ; Inapplicable ;
; N[22]              ; Inapplicable ; Inapplicable ; Inapplicable ; Inapplicable ; Inapplicable ; Pass      ; Inapplicable ; Inapplicable ; Pass      ; Pass      ; Inapplicable ; Inapplicable ; Inapplicable ; Inapplicable ; Pass         ; Inapplicable ; Inapplicable ; Pass         ; Inapplicable ; Inapplicable ; Inapplicable ; Inapplicable ; Inapplicable ; Inapplicable ; Inapplicable ; Inapplicable ; Inapplicable ; Pass      ; Inapplicable ; Inapplicable ;
; N[6]               ; Pass         ; Inapplicable ; Pass         ; Inapplicable ; Inapplicable ; Pass      ; Pass         ; Inapplicable ; Pass      ; Pass      ; Inapplicable ; Inapplicable ; Inapplicable ; Inapplicable ; Pass         ; Inapplicable ; Inapplicable ; Pass         ; Inapplicable ; Inapplicable ; Inapplicable ; Inapplicable ; Inapplicable ; Inapplicable ; Inapplicable ; Inapplicable ; Inapplicable ; Pass      ; Inapplicable ; Inapplicable ;
; N[30]              ; Inapplicable ; Inapplicable ; Inapplicable ; Inapplicable ; Inapplicable ; Pass      ; Inapplicable ; Inapplicable ; Pass      ; Pass      ; Inapplicable ; Inapplicable ; Inapplicable ; Inapplicable ; Pass         ; Inapplicable ; Inapplicable ; Pass         ; Inapplicable ; Inapplicable ; Inapplicable ; Inapplicable ; Inapplicable ; Inapplicable ; Inapplicable ; Inapplicable ; Inapplicable ; Pass      ; Inapplicable ; Inapplicable ;
; N[118]             ; Inapplicable ; Inapplicable ; Inapplicable ; Inapplicable ; Inapplicable ; Pass      ; Inapplicable ; Inapplicable ; Pass      ; Pass      ; Inapplicable ; Inapplicable ; Inapplicable ; Inapplicable ; Pass         ; Inapplicable ; Inapplicable ; Pass         ; Inapplicable ; Inapplicable ; Inapplicable ; Inapplicable ; Inapplicable ; Inapplicable ; Inapplicable ; Inapplicable ; Inapplicable ; Pass      ; Inapplicable ; Inapplicable ;
; N[110]             ; Inapplicable ; Inapplicable ; Inapplicable ; Inapplicable ; Inapplicable ; Pass      ; Inapplicable ; Inapplicable ; Pass      ; Pass      ; Inapplicable ; Inapplicable ; Inapplicable ; Inapplicable ; Pass         ; Inapplicable ; Inapplicable ; Pass         ; Inapplicable ; Inapplicable ; Inapplicable ; Inapplicable ; Inapplicable ; Inapplicable ; Inapplicable ; Inapplicable ; Inapplicable ; Pass      ; Inapplicable ; Inapplicable ;
; N[102]             ; Inapplicable ; Inapplicable ; Inapplicable ; Inapplicable ; Inapplicable ; Pass      ; Inapplicable ; Inapplicable ; Pass      ; Pass      ; Inapplicable ; Inapplicable ; Inapplicable ; Inapplicable ; Pass         ; Inapplicable ; Inapplicable ; Pass         ; Inapplicable ; Inapplicable ; Inapplicable ; Inapplicable ; Inapplicable ; Inapplicable ; Inapplicable ; Inapplicable ; Inapplicable ; Pass      ; Inapplicable ; Inapplicable ;
; N[126]             ; Inapplicable ; Inapplicable ; Inapplicable ; Inapplicable ; Inapplicable ; Pass      ; Inapplicable ; Inapplicable ; Pass      ; Pass      ; Inapplicable ; Inapplicable ; Inapplicable ; Inapplicable ; Pass         ; Inapplicable ; Inapplicable ; Pass         ; Inapplicable ; Inapplicable ; Inapplicable ; Inapplicable ; Inapplicable ; Inapplicable ; Inapplicable ; Inapplicable ; Inapplicable ; Pass      ; Inapplicable ; Inapplicable ;
; N[47]              ; Inapplicable ; Inapplicable ; Inapplicable ; Inapplicable ; Inapplicable ; Pass      ; Inapplicable ; Inapplicable ; Pass      ; Pass      ; Inapplicable ; Inapplicable ; Inapplicable ; Inapplicable ; Pass         ; Inapplicable ; Inapplicable ; Pass         ; Inapplicable ; Inapplicable ; Inapplicable ; Inapplicable ; Inapplicable ; Inapplicable ; Inapplicable ; Inapplicable ; Inapplicable ; Pass      ; Inapplicable ; Inapplicable ;
; N[79]              ; Inapplicable ; Inapplicable ; Inapplicable ; Inapplicable ; Inapplicable ; Pass      ; Inapplicable ; Inapplicable ; Pass      ; Pass      ; Inapplicable ; Inapplicable ; Inapplicable ; Inapplicable ; Pass         ; Inapplicable ; Inapplicable ; Pass         ; Inapplicable ; Inapplicable ; Inapplicable ; Inapplicable ; Inapplicable ; Inapplicable ; Inapplicable ; Inapplicable ; Inapplicable ; Pass      ; Inapplicable ; Inapplicable ;
; N[15]              ; Inapplicable ; Inapplicable ; Inapplicable ; Inapplicable ; Inapplicable ; Pass      ; Inapplicable ; Inapplicable ; Pass      ; Pass      ; Inapplicable ; Inapplicable ; Inapplicable ; Inapplicable ; Pass         ; Inapplicable ; Inapplicable ; Pass         ; Inapplicable ; Inapplicable ; Inapplicable ; Inapplicable ; Inapplicable ; Inapplicable ; Inapplicable ; Inapplicable ; Inapplicable ; Pass      ; Inapplicable ; Inapplicable ;
; N[111]             ; Inapplicable ; Inapplicable ; Inapplicable ; Inapplicable ; Inapplicable ; Pass      ; Inapplicable ; Inapplicable ; Pass      ; Pass      ; Inapplicable ; Inapplicable ; Inapplicable ; Inapplicable ; Pass         ; Inapplicable ; Inapplicable ; Pass         ; Inapplicable ; Inapplicable ; Inapplicable ; Inapplicable ; Inapplicable ; Inapplicable ; Inapplicable ; Inapplicable ; Inapplicable ; Pass      ; Inapplicable ; Inapplicable ;
; N[87]              ; Inapplicable ; Inapplicable ; Inapplicable ; Inapplicable ; Inapplicable ; Pass      ; Inapplicable ; Inapplicable ; Pass      ; Pass      ; Inapplicable ; Inapplicable ; Inapplicable ; Inapplicable ; Pass         ; Inapplicable ; Inapplicable ; Pass         ; Inapplicable ; Inapplicable ; Inapplicable ; Inapplicable ; Inapplicable ; Inapplicable ; Inapplicable ; Inapplicable ; Inapplicable ; Pass      ; Inapplicable ; Inapplicable ;
; N[55]              ; Inapplicable ; Inapplicable ; Inapplicable ; Inapplicable ; Inapplicable ; Pass      ; Inapplicable ; Inapplicable ; Pass      ; Pass      ; Inapplicable ; Inapplicable ; Inapplicable ; Inapplicable ; Pass         ; Inapplicable ; Inapplicable ; Pass         ; Inapplicable ; Inapplicable ; Inapplicable ; Inapplicable ; Inapplicable ; Inapplicable ; Inapplicable ; Inapplicable ; Inapplicable ; Pass      ; Inapplicable ; Inapplicable ;
; N[23]              ; Inapplicable ; Inapplicable ; Inapplicable ; Inapplicable ; Inapplicable ; Pass      ; Inapplicable ; Inapplicable ; Pass      ; Pass      ; Inapplicable ; Inapplicable ; Inapplicable ; Inapplicable ; Pass         ; Inapplicable ; Inapplicable ; Pass         ; Inapplicable ; Inapplicable ; Inapplicable ; Inapplicable ; Inapplicable ; Inapplicable ; Inapplicable ; Inapplicable ; Inapplicable ; Pass      ; Inapplicable ; Inapplicable ;
; N[119]             ; Inapplicable ; Inapplicable ; Inapplicable ; Inapplicable ; Inapplicable ; Pass      ; Inapplicable ; Inapplicable ; Pass      ; Pass      ; Inapplicable ; Inapplicable ; Inapplicable ; Inapplicable ; Pass         ; Inapplicable ; Inapplicable ; Pass         ; Inapplicable ; Inapplicable ; Inapplicable ; Inapplicable ; Inapplicable ; Inapplicable ; Inapplicable ; Inapplicable ; Inapplicable ; Pass      ; Inapplicable ; Inapplicable ;
; N[71]              ; Inapplicable ; Inapplicable ; Inapplicable ; Inapplicable ; Inapplicable ; Pass      ; Inapplicable ; Inapplicable ; Pass      ; Pass      ; Inapplicable ; Inapplicable ; Inapplicable ; Inapplicable ; Pass         ; Inapplicable ; Inapplicable ; Pass         ; Inapplicable ; Inapplicable ; Inapplicable ; Inapplicable ; Inapplicable ; Inapplicable ; Inapplicable ; Inapplicable ; Inapplicable ; Pass      ; Inapplicable ; Inapplicable ;
; N[39]              ; Inapplicable ; Inapplicable ; Inapplicable ; Inapplicable ; Inapplicable ; Pass      ; Inapplicable ; Inapplicable ; Pass      ; Pass      ; Inapplicable ; Inapplicable ; Inapplicable ; Inapplicable ; Pass         ; Inapplicable ; Inapplicable ; Pass         ; Inapplicable ; Inapplicable ; Inapplicable ; Inapplicable ; Inapplicable ; Inapplicable ; Inapplicable ; Inapplicable ; Inapplicable ; Pass      ; Inapplicable ; Inapplicable ;
; N[7]               ; Pass         ; Inapplicable ; Pass         ; Inapplicable ; Inapplicable ; Pass      ; Pass         ; Inapplicable ; Pass      ; Pass      ; Inapplicable ; Inapplicable ; Inapplicable ; Inapplicable ; Pass         ; Inapplicable ; Inapplicable ; Pass         ; Inapplicable ; Inapplicable ; Inapplicable ; Inapplicable ; Inapplicable ; Inapplicable ; Inapplicable ; Inapplicable ; Inapplicable ; Pass      ; Inapplicable ; Inapplicable ;
; N[103]             ; Inapplicable ; Inapplicable ; Inapplicable ; Inapplicable ; Inapplicable ; Pass      ; Inapplicable ; Inapplicable ; Pass      ; Pass      ; Inapplicable ; Inapplicable ; Inapplicable ; Inapplicable ; Pass         ; Inapplicable ; Inapplicable ; Pass         ; Inapplicable ; Inapplicable ; Inapplicable ; Inapplicable ; Inapplicable ; Inapplicable ; Inapplicable ; Inapplicable ; Inapplicable ; Pass      ; Inapplicable ; Inapplicable ;
; N[63]              ; Inapplicable ; Inapplicable ; Inapplicable ; Inapplicable ; Inapplicable ; Pass      ; Inapplicable ; Inapplicable ; Pass      ; Pass      ; Inapplicable ; Inapplicable ; Inapplicable ; Inapplicable ; Pass         ; Inapplicable ; Inapplicable ; Pass         ; Inapplicable ; Inapplicable ; Inapplicable ; Inapplicable ; Inapplicable ; Inapplicable ; Inapplicable ; Inapplicable ; Inapplicable ; Pass      ; Inapplicable ; Inapplicable ;
; N[95]              ; Inapplicable ; Inapplicable ; Inapplicable ; Inapplicable ; Inapplicable ; Pass      ; Inapplicable ; Inapplicable ; Pass      ; Pass      ; Inapplicable ; Inapplicable ; Inapplicable ; Inapplicable ; Pass         ; Inapplicable ; Inapplicable ; Pass         ; Inapplicable ; Inapplicable ; Inapplicable ; Inapplicable ; Inapplicable ; Inapplicable ; Inapplicable ; Inapplicable ; Inapplicable ; Pass      ; Inapplicable ; Inapplicable ;
; N[31]              ; Inapplicable ; Inapplicable ; Inapplicable ; Inapplicable ; Inapplicable ; Pass      ; Inapplicable ; Inapplicable ; Pass      ; Pass      ; Inapplicable ; Inapplicable ; Inapplicable ; Inapplicable ; Pass         ; Inapplicable ; Inapplicable ; Pass         ; Inapplicable ; Inapplicable ; Inapplicable ; Inapplicable ; Inapplicable ; Inapplicable ; Inapplicable ; Inapplicable ; Inapplicable ; Pass      ; Inapplicable ; Inapplicable ;
; N[127]             ; Inapplicable ; Inapplicable ; Inapplicable ; Inapplicable ; Inapplicable ; Pass      ; Inapplicable ; Inapplicable ; Pass      ; Pass      ; Inapplicable ; Inapplicable ; Inapplicable ; Inapplicable ; Pass         ; Inapplicable ; Inapplicable ; Pass         ; Inapplicable ; Inapplicable ; Inapplicable ; Inapplicable ; Inapplicable ; Inapplicable ; Inapplicable ; Inapplicable ; Inapplicable ; Pass      ; Inapplicable ; Inapplicable ;
+--------------------+--------------+--------------+--------------+--------------+--------------+-----------+--------------+--------------+-----------+-----------+--------------+--------------+--------------+--------------+--------------+--------------+--------------+--------------+--------------+--------------+--------------+--------------+--------------+--------------+--------------+--------------+--------------+-----------+--------------+--------------+


+-------------------------------------------------------------------------------------------+
; Fitter Device Options                                                                     ;
+------------------------------------------------------------------+------------------------+
; Option                                                           ; Setting                ;
+------------------------------------------------------------------+------------------------+
; Enable user-supplied start-up clock (CLKUSR)                     ; Off                    ;
; Enable device-wide reset (DEV_CLRn)                              ; Off                    ;
; Enable device-wide output enable (DEV_OE)                        ; Off                    ;
; Enable INIT_DONE output                                          ; Off                    ;
; Configuration scheme                                             ; Internal Configuration ;
; Enable Error Detection CRC_ERROR pin                             ; Off                    ;
; Enable open drain on CRC_ERROR pin                               ; Off                    ;
; Enable nCONFIG, nSTATUS, and CONF_DONE pins                      ; On                     ;
; Enable JTAG pin sharing                                          ; Off                    ;
; Enable nCE pin                                                   ; Off                    ;
; Enable CONFIG_SEL pin                                            ; On                     ;
; Enable input tri-state on active configuration pins in user mode ; Off                    ;
; Configuration Voltage Level                                      ; Auto                   ;
; Force Configuration Voltage Level                                ; Off                    ;
; Data[0]                                                          ; Unreserved             ;
; Data[1]/ASDO                                                     ; Unreserved             ;
; FLASH_nCE/nCSO                                                   ; Unreserved             ;
; DCLK                                                             ; Unreserved             ;
+------------------------------------------------------------------+------------------------+


+------------------------------------+
; Operating Settings and Conditions  ;
+---------------------------+--------+
; Setting                   ; Value  ;
+---------------------------+--------+
; Nominal Core Voltage      ; 1.20 V ;
; Low Junction Temperature  ; 0 °C   ;
; High Junction Temperature ; 85 °C  ;
+---------------------------+--------+


+-----------------+
; Fitter Messages ;
+-----------------+
Warning (18236): Number of processors has not been specified which may cause overloading on shared machines.  Set the global assignment NUM_PARALLEL_PROCESSORS in your QSF to an appropriate value for best performance.
Info (20030): Parallel compilation is enabled and will use 4 of the 4 processors detected
Info (119006): Selected device 10M50DCF484C7G for design "projeto"
Info (21077): Low junction temperature is 0 degrees C
Info (21077): High junction temperature is 85 degrees C
Info (171003): Fitter is performing an Auto Fit compilation, which may decrease Fitter effort to reduce compilation time
Warning (292013): Feature LogicLock is only available with a valid subscription license. You can purchase a software subscription to gain full access to this feature.
Info (176444): Device migration not selected. If you intend to use device migration later, you may need to change the pin assignments as they may be incompatible with other devices
    Info (176445): Device 10M08DCF484I7G is compatible
    Info (176445): Device 10M16DCF484A7G is compatible
    Info (176445): Device 10M16DCF484C7G is compatible
    Info (176445): Device 10M16DCF484I7G is compatible
    Info (176445): Device 10M25DCF484A7G is compatible
    Info (176445): Device 10M25DCF484C7G is compatible
    Info (176445): Device 10M25DCF484I7G is compatible
    Info (176445): Device 10M50DCF484I7G is compatible
    Info (176445): Device 10M40DCF484C7G is compatible
    Info (176445): Device 10M40DCF484I7G is compatible
Info (169124): Fitter converted 8 user pins into dedicated programming pins
    Info (169125): Pin ~ALTERA_TMS~ is reserved at location H2
    Info (169125): Pin ~ALTERA_TCK~ is reserved at location G2
    Info (169125): Pin ~ALTERA_TDI~ is reserved at location L4
    Info (169125): Pin ~ALTERA_TDO~ is reserved at location M5
    Info (169125): Pin ~ALTERA_CONFIG_SEL~ is reserved at location H10
    Info (169125): Pin ~ALTERA_nCONFIG~ is reserved at location H9
    Info (169125): Pin ~ALTERA_nSTATUS~ is reserved at location G9
    Info (169125): Pin ~ALTERA_CONF_DONE~ is reserved at location F8
Info (169141): DATA[0] dual-purpose pin not reserved
Info (12825): Data[1]/ASDO dual-purpose pin not reserved
Info (12825): nCSO dual-purpose pin not reserved
Info (12825): DCLK dual-purpose pin not reserved
Warning (15714): Some pins have incomplete I/O assignments. Refer to the I/O Assignment Warnings report for details
Critical Warning (169085): No exact pin location assignment(s) for 128 pins of 140 total pins. For the list of pins please refer to the I/O Assignment Warnings table in the fitter report.
Critical Warning (332012): Synopsys Design Constraints File file not found: 'projeto.sdc'. A Synopsys Design Constraints File is required by the Timing Analyzer to get proper timing constraints. Without it, the Compiler will not properly optimize the design.
Info (332144): No user constrained base clocks found in the design
Info (332096): The command derive_clocks did not find any clocks to derive.  No clocks were created or changed.
Warning (332068): No clocks defined in design.
Info (332143): No user constrained clock uncertainty found in the design. Calling "derive_clock_uncertainty"
Info (332154): The derive_clock_uncertainty command did not apply clock uncertainty to any clock-to-clock transfers.
Info (332130): Timing requirements not specified -- quality metrics such as performance may be sacrificed to reduce compilation time.
Info (176233): Starting register packing
Info (176235): Finished register packing
    Extra Info (176219): No registers were packed into other blocks
Info (176214): Statistics of I/O pins that need to be placed that use the same VCCIO and VREF, before I/O pin placement
    Info (176211): Number of I/O pins in group: 128 (unused VREF, 2.5V VCCIO, 122 input, 6 output, 0 bidirectional)
        Info (176212): I/O standards used: 2.5 V.
Info (176215): I/O bank details before I/O pin placement
    Info (176214): Statistics of I/O banks
        Info (176213): I/O bank number 1A does not use VREF pins and has undetermined VCCIO pins. 0 total pin(s) used --  16 pins available
        Info (176213): I/O bank number 1B does not use VREF pins and has undetermined VCCIO pins. 4 total pin(s) used --  20 pins available
        Info (176213): I/O bank number 2 does not use VREF pins and has undetermined VCCIO pins. 0 total pin(s) used --  36 pins available
        Info (176213): I/O bank number 3 does not use VREF pins and has undetermined VCCIO pins. 0 total pin(s) used --  48 pins available
        Info (176213): I/O bank number 4 does not use VREF pins and has undetermined VCCIO pins. 0 total pin(s) used --  48 pins available
        Info (176213): I/O bank number 5 does not use VREF pins and has undetermined VCCIO pins. 0 total pin(s) used --  40 pins available
        Info (176213): I/O bank number 6 does not use VREF pins and has undetermined VCCIO pins. 0 total pin(s) used --  60 pins available
        Info (176213): I/O bank number 7 does not use VREF pins and has 2.5V VCCIO pins. 12 total pin(s) used --  40 pins available
        Info (176213): I/O bank number 8 does not use VREF pins and has undetermined VCCIO pins. 4 total pin(s) used --  32 pins available
Info (171121): Fitter preparation operations ending: elapsed time is 00:00:01
Info (14896): Fitter has disabled Advanced Physical Optimization because it is not supported for the current family.
Info (170189): Fitter placement preparation operations beginning
Info (170190): Fitter placement preparation operations ending: elapsed time is 00:00:00
Info (170191): Fitter placement operations beginning
Info (170137): Fitter placement was successful
Info (170192): Fitter placement operations ending: elapsed time is 00:00:02
Info (170193): Fitter routing operations beginning
Info (170195): Router estimated average interconnect usage is 0% of the available device resources
    Info (170196): Router estimated peak interconnect usage is 1% of the available device resources in the region that extends from location X45_Y0 to location X55_Y10
Info (170199): The Fitter performed an Auto Fit compilation.  Optimizations were skipped to reduce compilation time.
    Info (170201): Optimizations that may affect the design's routability were skipped
    Info (170200): Optimizations that may affect the design's timing were skipped
Info (170194): Fitter routing operations ending: elapsed time is 00:00:00
Info (11888): Total time spent on timing analysis during the Fitter is 0.13 seconds.
Info (334003): Started post-fitting delay annotation
Info (334004): Delay annotation completed successfully
Info (334003): Started post-fitting delay annotation
Info (334004): Delay annotation completed successfully
Info (11218): Fitter post-fit operations ending: elapsed time is 00:00:01
Info (144001): Generated suppressed messages file C:/Users/TiagoBettanin/Documents/Quartus/Projeto3/output_files/projeto.fit.smsg
Info: Quartus Prime Fitter was successful. 0 errors, 6 warnings
    Info: Peak virtual memory: 5657 megabytes
    Info: Processing ended: Thu Apr 30 23:26:41 2026
    Info: Elapsed time: 00:00:12
    Info: Total CPU time (on all processors): 00:00:15


+----------------------------+
; Fitter Suppressed Messages ;
+----------------------------+
The suppressed messages can be found in C:/Users/TiagoBettanin/Documents/Quartus/Projeto3/output_files/projeto.fit.smsg.


